id,title,img,actors,director,brief,goal,category,isCrawl,isIndex
mzc00200iseomew,《古董局中局之鉴墨寻瓷》,//puui.qpic.cn/vcover_vt_pic/0/mzc00200iseomew1588747574682/350,夏雨/ 魏晨/ 阿丽亚/ 梁静,费振翔,"许愿（夏雨饰），北京潘家园小古董店""四悔斋""的老板，古董鉴宝界最具权威的""五脉梅花""家族之一许家，唯一的传人。为了楸出隐藏在五脉之中的""老朝奉""造假势力，许愿孤身一人入局破局，与庞大的古董造假集团展开层层较量，却被设局指引牵扯出两幅《清明上河图》真赝难辨的惊天秘密。随着迷局的层层解开，境外神秘的造假势力也浮出水面，而这些竟然都与当年许愿爷爷的护宝冤案有着千丝万缕的关系。为了查出前世真相，许愿再度联手投靠于""老朝奉""的药不然（魏晨饰），但不曾想这所有的一切都尽在老朝奉的掌握之中，而老朝奉势力的背后还藏着更大的谜团。
赝品迷局环环相扣，亦正亦邪的药不然又是背负着怎样的使命，五脉前世恩怨纠葛最终如何解答，而幕后BOSS""老朝奉""究竟是谁，这一切谜中谜的答案都隐藏在早已布好的局中局里。",7.5,内地 2020 悬疑 犯罪 冒险 剧情,1,1
mzc00200wxc9ptm,古董局中局2·竖屏更精彩,http://i.gtimg.cn/qqlive/img/jpgcache/files/qqvideo/m/mzc00200wxc9ptm.jpg,,,换个角度追剧古董2,9.8,片花 悬疑,0,0
9z88hz9qwugb8p1,古董局中局,http://i.gtimg.cn/qqlive/img/jpgcache/files/qqvideo/9/9z88hz9qwugb8p1.jpg,,,夏雨乔振宇鉴真伪破迷局,3.8,悬疑 剧情,0,0
qp39m3l9upxl08a,古董里的门道,http://i.gtimg.cn/qqlive/img/jpgcache/files/qqvideo/q/qp39m3l9upxl08a.jpg,,,古董局中局高能合集,3.4,片花 悬疑 剧情,0,0
mzc00200zkxs5e0,暹罗密码·速看版,http://i.gtimg.cn/qqlive/img/jpgcache/files/qqvideo/m/mzc00200zkxs5e0.jpg,,,三分钟大破异域悬案,2.8,片花 悬疑 犯罪 喜剧 剧情,0,0
236vbmsdok9mcb6,古董局中局·剧说原著,http://i.gtimg.cn/qqlive/img/jpgcache/files/qqvideo/2/236vbmsdok9mcb6.jpg,,,解析原著细品剧,2.7,片花 悬疑 剧情,0,0
dffzoa6jllk79jm,古董课代表,http://i.gtimg.cn/qqlive/img/jpgcache/files/qqvideo/d/dffzoa6jllk79jm.jpg,,,你没看透的剧情都在这里,2.7,片花 悬疑 剧情,0,0
dp7xratybwrdjfl,古董局中局·速看版,http://i.gtimg.cn/qqlive/img/jpgcache/files/qqvideo/d/dp7xratybwrdjfl.jpg,,,3分钟get古董精彩,2.7,片花 悬疑 剧情,0,0
mzc00200x3fzrcb,异域档案之暹罗密码,http://i.gtimg.cn/qqlive/img/jpgcache/files/qqvideo/m/mzc00200x3fzrcb.jpg,,,叛逆卧底破异域悬案,2.2,悬疑 犯罪 剧情,0,0
jciqke9dyg8pfpv,师傅,http://i.gtimg.cn/qqlive/img/jpgcache/files/qqvideo/j/jciqke9dyg8pfpv.jpg,,,工人版亮剑,2.1,家庭 爱情 剧情,0,0
l1jc8hzubf6wz99,莫斯科行动,http://i.gtimg.cn/qqlive/img/jpgcache/files/qqvideo/l/l1jc8hzubf6wz99.jpg,,,夏雨上演跨国追捕,1.9,悬疑 动作,0,0
bhp6pgqj2fyj4h9,绝地沙海,http://i.gtimg.cn/qqlive/img/jpgcache/files/qqvideo/b/bhp6pgqj2fyj4h9.jpg,,,,1.7,网络剧 悬疑,0,0
8pl66isxpt8jxbw,失踪的上清寺,http://i.gtimg.cn/qqlive/img/jpgcache/files/qqvideo/8/8pl66isxpt8jxbw.jpg,,,寻找上清寺,1.6,悬疑 剧情 爱情,0,0
lc2a6fi2osbbedd,上线下线,http://i.gtimg.cn/qqlive/img/jpgcache/files/qqvideo/l/lc2a6fi2osbbedd.jpg,,,斯琴高娃直捣传销老巢,1.6,悬疑 犯罪 剧情,0,0
8qum8ikxii7b0ky,于无声处,http://i.gtimg.cn/qqlive/img/jpgcache/files/qqvideo/8/8qum8ikxii7b0ky.jpg,,,胡军变当代国安特工,1.6,片花 悬疑 剧情,0,0
co47xqkusidzo41,《秋蝉》,//puui.qpic.cn/vupload/0/20190716_sub_poster_vip.png/0,任嘉伦/ 李曼/ 刘欢/ 何杜娟/ 菅纫姿/ 刘学义/ 梁婧娴/ 傅方俊/ 胡亚捷/ 李亭哲/ 张涵予/ 李小冉/ 王劲松/ 韩栋/ 何中华,付宁/ 李昂,叶冲是一名有共产主义信仰的爱国青年，他来到香港协助佐藤大藏组建香港的宪兵及情报机构。但叶冲早已选择为国报效，在新京时就以秋蝉为代号，为我党提供日军重要情报。叶冲来到香港与宫本苍野和佐藤大藏、清泉上野等老牌日本间谍斗智斗勇，同时又被我党同志姜俊涛和军统薛萍等人怀疑身份，他陷入重围一路披荆斩棘，一次次地化解了身边的危机。但叶冲最终还是身份暴漏，被送回日本受审，他使用忍术，在爱人何英的帮助下逃离了虎穴，回到香港继续为我党进行地下工作，在好友的帮助下，击败了宫本苍野和清泉上野，在姜俊涛和梁雪梅的婚礼上摆脱了日本女魔头清泉纯子的追杀，为抗战胜利作着不懈努力。受降仪式上，佐藤大藏向千万香港人民低下了头。抗战胜利了，姜俊涛、叶冲、何英等人圆满的完成了自己的任务，携手奔赴新的战场。,7.5,内地 2020 谍战 悬疑 剧情,1,1
mzc00200ggmetwl,秋蝉·片场花絮,http://i.gtimg.cn/qqlive/img/jpgcache/files/qqvideo/m/mzc00200ggmetwl.jpg,,,秋蝉搞笑片场日常,6.7,片花 谍战,0,0
mzc002009dxfw0e,秋蝉·竖屏小剧场,http://i.gtimg.cn/qqlive/img/jpgcache/files/qqvideo/m/mzc002009dxfw0e.jpg,,,竖屏看秋蝉 高能场景收录,5.5,片花 战争 谍战,0,0
mzc00200eb45fcg,秋蝉报馆,http://i.gtimg.cn/qqlive/img/jpgcache/files/qqvideo/m/mzc00200eb45fcg.jpg,,,《秋蝉》小报揭秘香港风云,5.5,片花 战争 谍战,0,0
mzc00200v894u7p,秋蝉·速看版,http://i.gtimg.cn/qqlive/img/jpgcache/files/qqvideo/m/mzc00200v894u7p.jpg,,,爱国青年任嘉伦临危受命,5.3,片花 战争 谍战,0,0
mzc00200qlcbjei,秋蝉·任嘉伦cut,http://i.gtimg.cn/qqlive/img/jpgcache/files/qqvideo/m/mzc00200qlcbjei.jpg,,,超A军官叶冲双面人生,4.9,片花 战争 谍战,0,0
4e4r3amfp1qzppm,麻雀,http://i.gtimg.cn/qqlive/img/jpgcache/files/qqvideo/4/4e4r3amfp1qzppm.jpg,,,李易峰周冬雨高颜值谍战,1.1,谍战 悬疑 剧情,0,0
rehcrnwfbe7w62v,功勋,http://i.gtimg.cn/qqlive/img/jpgcache/files/qqvideo/r/rehcrnwfbe7w62v.jpg,,,国内首部谍报剧,1.1,谍战 剧情,0,0
n0qu8qfcjbdo4zs,无名者,http://i.gtimg.cn/qqlive/img/jpgcache/files/qqvideo/n/n0qu8qfcjbdo4zs.jpg,,,中国版史密斯夫妇谱爱情恋曲,1.0,谍战 悬疑 爱情,0,0
huckxwr3cz2sh8p,绝路逢生,http://i.gtimg.cn/qqlive/img/jpgcache/files/qqvideo/h/huckxwr3cz2sh8p.jpg,,,杨烁一人分饰两角演绎另类抗战英雄,0.9,谍战 剧情,0,0
tx12sqjba6qlkcj,滴血玫瑰,http://i.gtimg.cn/qqlive/img/jpgcache/files/qqvideo/t/tx12sqjba6qlkcj.jpg,,,一部另类抗日剧,0.9,谍战 剧情 悬疑,0,0
mzc00200nsdwdiw,谍战深海之惊蛰[DVD版],http://i.gtimg.cn/qqlive/img/jpgcache/files/qqvideo/m/mzc00200nsdwdiw.jpg,,,张若昀王鸥双面潜伏人生,0.9,谍战 悬疑 剧情,0,0
mdweudbooff4i3l,谍战深海之惊蛰,http://i.gtimg.cn/qqlive/img/jpgcache/files/qqvideo/m/mdweudbooff4i3l.jpg,,,张若昀王鸥双面潜伏人生,0.9,谍战 悬疑 剧情,0,0
c16ltgp6rmfyljx,最后的99天,http://i.gtimg.cn/qqlive/img/jpgcache/files/qqvideo/c/c16ltgp6rmfyljx.jpg,,,会议召开前的99天,0.8,谍战 悬疑 剧情,0,0
1l6r7zhz4i7677g,红蔷薇[DVD版],http://i.gtimg.cn/qqlive/img/jpgcache/files/qqvideo/1/1l6r7zhz4i7677g.jpg,,,杨子姗陈晓演绎别样谍战人生,0.8,谍战 剧情,0,0
nq4sjurk1ohpw45,《好妻子》,//puui.qpic.cn/vcover_vt_pic/0/co47xqkusidzo411588314960569/350,姚芊羽/ 李威/ 周昱彤/ 李泰,罗灿然,居家好妻子李家瑜多年如一日悉心照顾丈夫贺浩泽一家人，当公公患了急性肝硬化，需要她捐赠部分肝脏，她也二话不说。谁料手术后，李家瑜发现丈夫贺浩泽内心深处爱着的却是自己的闺蜜周心妍，大受打击的李家瑜在山间散心时不慎摔下山崖导致失忆。正直善良的林天明救下了李家瑜，并给她无微不至的关爱与呵护。李家瑜在林天明的帮助下发现了自己研制咖啡的天分，开始了自己在咖啡事业上的励志之旅。正当两人之间萌发真情的时候，李家瑜却恢复了所有的记忆，但是她没有埋怨和责备，而是成全了贺浩泽和周心妍，并通过自己不懈的努力，夯实了经济基础，争得了女儿的抚养权。在此过程中，林天明的不离不弃深深打动了李家瑜，在成为业内优秀咖啡师的同时，李家瑜欣然嫁给林天明，有情人终成眷属。,7.2,内地 2020 家庭 情感 剧情,1,1
mzc00200efur7b4,好妻子·大型狗血现场,http://i.gtimg.cn/qqlive/img/jpgcache/files/qqvideo/m/mzc00200efur7b4.jpg,,,升级版“回家的诱惑”,15.,片花 家庭 剧情,0,0
zehczv7cap99gs8,中国家庭之新渴望,http://i.gtimg.cn/qqlive/img/jpgcache/files/qqvideo/z/zehczv7cap99gs8.jpg,,,家里的事,1.9,家庭 剧情,0,0
gasr05z8ojzv1f6,养女,http://i.gtimg.cn/qqlive/img/jpgcache/files/qqvideo/g/gasr05z8ojzv1f6.jpg,,,两代养女的命运,1.3,家庭,0,0
mzc00200q8gufit,我哥我嫂,,,,二嫂王雅捷独挑养家重担,1.3,家庭,0,0
srbfzwdg3qdkcz0,青鸟的天空,http://i.gtimg.cn/qqlive/img/jpgcache/files/qqvideo/s/srbfzwdg3qdkcz0.jpg,,,丈夫的秘密,1.3,家庭 剧情 爱情,0,0
q50khqz7bnh1pdf,真爱之百万新娘,http://i.gtimg.cn/qqlive/img/jpgcache/files/qqvideo/q/q50khqz7bnh1pdf.jpg,,,嫁入豪门的恩怨,1.3,家庭 都市 偶像,0,0
47t5p91a8ddeg66,哥哥姐姐的花样年华,http://i.gtimg.cn/qqlive/img/jpgcache/files/qqvideo/4/47t5p91a8ddeg66.jpg,,,年代版《都挺好》,1.2,家庭 都市 剧情,0,0
o1lc8qwvgcwx8w6,绽放吧，百合,http://i.gtimg.cn/qqlive/img/jpgcache/files/qqvideo/o/o1lc8qwvgcwx8w6.jpg,,,姚芊羽演绎知青女人的酸甜苦辣,1.2,剧情,0,0
n2znhgq3ql4847n,翠兰的爱情,http://i.gtimg.cn/qqlive/img/jpgcache/files/qqvideo/n/n2znhgq3ql4847n.jpg,,,寡妇翠兰的爱情故事,1.1,家庭 剧情,0,0
e29d5llz42ipovo,天伦劫,http://i.gtimg.cn/qqlive/img/jpgcache/files/qqvideo/e/e29d5llz42ipovo.jpg,,,中国人的悲欢离合,1.0,家庭 剧情,0,0
p5w3ejngt3mlxmo,二叔,http://i.gtimg.cn/qqlive/img/jpgcache/files/qqvideo/p/p5w3ejngt3mlxmo.jpg,,,从头倒霉到尾的一生,1.0,家庭 剧情,0,0
q370udz0thmmtlk,野鸭子 第2部,http://i.gtimg.cn/qqlive/img/jpgcache/files/qqvideo/q/q370udz0thmmtlk.jpg,,,青春励志野鸭子续集,1.0,家庭 剧情,0,0
oyh0ody2chzgr4n,原配夫妻,http://i.gtimg.cn/qqlive/img/jpgcache/files/qqvideo/o/oyh0ody2chzgr4n.jpg,,,历尽磨难前夫妻,1.0,家庭 剧情,0,0
smgso0wulfb84gd,我心灿烂,http://i.gtimg.cn/qqlive/img/jpgcache/files/qqvideo/s/smgso0wulfb84gd.jpg,,,王志文首演爷爷,1.0,家庭 剧情,0,0
jnngbw19gy8ctes,《彼岸花》,//puui.qpic.cn/vupload/0/20190716_sub_poster_vip.png/0,林允/ 宋威龙/ 何润东/ 王耀庆/ 李心艾/ 谢彬彬,王小康,即将上市公司的展览策划师林和平（宋威龙饰）因青梅竹马的南笙（林允饰）突然过世而无法走出阴影，一直心心念念着南笙。一次去巴塞开艺术品展览的时候使他遇到了乐观直爽的乔曼（林允），由于乔曼和南笙长得非常像，加上乔曼有着与南笙相似的柔情，使得和平情不自禁的对乔曼产生了好感，但这惹怒了乔曼的追求者也是她的救命恩人汉森（何润东饰），两人因乔曼而产生了冲突，开始了男人之间的较量。,7.6,内地 2020 爱情 剧情,1,1
mzc002001yp8kk3,彼岸花·青春日记,http://i.gtimg.cn/qqlive/img/jpgcache/files/qqvideo/m/mzc002001yp8kk3.jpg,,,《彼岸花》最新花絮火热出炉,18.,爱情 剧情,0,0
mzc00200jd1hqn6,彼岸花·速看版,http://i.gtimg.cn/qqlive/img/jpgcache/files/qqvideo/m/mzc00200jd1hqn6.jpg,,,宋威龙林允开启纯美虐爱,18.,爱情 剧情,0,0
mzc00200fs3meux,彼岸花·竖屏更顺手,http://i.gtimg.cn/qqlive/img/jpgcache/files/qqvideo/m/mzc00200fs3meux.jpg,,,宋威龙林允开启纯美虐爱,16.,片花 爱情 剧情,0,0
mzc0020020k6udg,鳄鱼与牙签鸟[DVD版],http://i.gtimg.cn/qqlive/img/jpgcache/files/qqvideo/m/mzc0020020k6udg.jpg,,,张天爱陈柏霖谱写青春长歌,1.5,爱情 都市 剧情,0,0
mzc002005v1t7fz,鳄鱼与牙签鸟,http://i.gtimg.cn/qqlive/img/jpgcache/files/qqvideo/m/mzc002005v1t7fz.jpg,,,张天爱陈柏霖异国追爱寻梦,1.5,爱情 都市 剧情,0,0
ek5c8xwrtcegu8j,产科医生,http://i.gtimg.cn/qqlive/img/jpgcache/files/qqvideo/e/ek5c8xwrtcegu8j.jpg,,,佟丽娅化身产科女医生,1.4,爱情 剧情,0,0
o7mfy9c543lm43z,浮沉,http://i.gtimg.cn/qqlive/img/jpgcache/files/qqvideo/o/o7mfy9c543lm43z.jpg,,,张嘉译白百合商海浮沉,1.4,爱情 剧情,0,0
wk9agjvyed77wv3,我是杜拉拉,http://i.gtimg.cn/qqlive/img/jpgcache/files/qqvideo/w/wk9agjvyed77wv3.jpg,,,戚薇领衔杜拉拉系列收官之作,1.3,爱情 剧情,0,0
cnqfrmbpj0op1v6,最好的安排,http://i.gtimg.cn/qqlive/img/jpgcache/files/qqvideo/c/cnqfrmbpj0op1v6.jpg,,,内地版蓝色生死恋,1.3,爱情 剧情,0,0
h03rdupl3spyss6,职场是个技术活,http://i.gtimg.cn/qqlive/img/jpgcache/files/qqvideo/h/h03rdupl3spyss6.jpg,,,叔中精品王耀庆再演霸总,1.3,爱情 剧情,0,0
vb5gqo5tgxbnpoh,花火,http://i.gtimg.cn/qqlive/img/jpgcache/files/qqvideo/v/vb5gqo5tgxbnpoh.jpg,,,毛俊杰由公主变霸道女总裁,1.3,爱情 偶像 剧情 都市,0,0
z00l5kncvnu5bys,美丽的秘密[DVD版],http://i.gtimg.cn/qqlive/img/jpgcache/files/qqvideo/z/z00l5kncvnu5bys.jpg,,,宋茜变身快递小妹,1.3,爱情 都市 剧情,0,0
fkvjlswh3k5l98o,好先生,http://i.gtimg.cn/qqlive/img/jpgcache/files/qqvideo/f/fkvjlswh3k5l98o.jpg,,,孙红雷张艺兴再度合体,1.2,爱情 都市 剧情,0,0
mzc00200mtwfe9x,鳄鱼与牙签鸟花絮合集,http://i.gtimg.cn/qqlive/img/jpgcache/files/qqvideo/m/mzc00200mtwfe9x.jpg,,,鱼鸟cp片场糖点在这儿,1.2,片花 爱情 都市 剧情,0,0
mzc00200y8o6ry9,,//puui.qpic.cn/vcover_vt_pic/0/nq4sjurk1ohpw451588403630225/350,梁靖康/ 李凯馨,王岩,22岁的刘暖暖（李凯馨饰）被迫离开女团，从零开始跌跌撞撞进入社会，遇到年轻的“超忆症”天才视觉家韩彻。韩彻为完成奶奶遗愿，回国承接“再现敦煌”项目，洁癖又自律的韩彻无奈收留了邋遢又窘迫的暖暖。人生重新起航的暖暖从服装店员做起，凭借独特的审美天分、分外努力勤勉，快速成了店里的金牌店员，并被破格提拔进入总公司。刘暖暖遭遇了各种考验，逆风翻盘进入设计部，一路的学习让刘暖暖快速成长并渐渐找到了新的人生方向。刘暖暖用自己积累的穿搭经验，开发平民穿搭宝典，立志要让更多普通人变得美丽又自信。韩彻（梁靖康饰）一路陪伴着暖暖，虽然两人的感情经历重重误会与挑战，却也处处散发着温暖与甜蜜。两人携手将潮流服饰与敦煌文化巧妙结合，将文化瑰宝以绚烂的现代姿态展示给世人。最终，韩彻轻握暖暖的手道出：暖暖，请多指教。,7.3,,1,1
ohntwnwx5bfg1ti,恋恋阙歌,http://i.gtimg.cn/qqlive/img/jpgcache/files/qqvideo/o/ohntwnwx5bfg1ti.jpg,,,李承铉掀老上海豪门虐恋,1.1,片花 爱情 偶像,0,0
mzc00200ce82x5r,抬头有星光,,,,少女“林品如”浴火重生,1.0,爱情 偶像,0,0
b4e8yjwgokhr0lj,逆袭之星途璀璨,http://i.gtimg.cn/qqlive/img/jpgcache/files/qqvideo/b/b4e8yjwgokhr0lj.jpg,,,元气少女蜕变俘获总裁心,1.0,爱情 偶像 剧情,0,0
mzc00200htpzo0y,舌尖上的心跳,,,,阮经天宋祖儿最美味的爱情,0.9,片花 爱情 偶像,0,0
ikibji2k73dqazu,步步惊情,http://i.gtimg.cn/qqlive/img/jpgcache/files/qqvideo/i/ikibji2k73dqazu.jpg,,,四爷若曦再续前缘,0.9,片花 爱情 都市 偶像,0,0
mzc00200q3ctjw0,传闻中的陈芊芊,,,,赵露思丁禹兮破次元相恋,0.9,片花 爱情 古装 偶像,0,0
oja2u3jp4xhc3m9,步步惊情[DVD版],http://i.gtimg.cn/qqlive/img/jpgcache/files/qqvideo/o/oja2u3jp4xhc3m9.jpg,,,四爷回现代找若曦,0.9,片花 爱情 都市 偶像,0,0
qp4v8emwbaskd4x,只为遇见你,http://i.gtimg.cn/qqlive/img/jpgcache/files/qqvideo/q/qp4v8emwbaskd4x.jpg,,,张铭恩牵手文咏珊闪光爱情,0.9,片花 爱情 偶像 剧情,0,0
d7ybi3g2s1ee14r,流星花园,http://i.gtimg.cn/qqlive/img/jpgcache/files/qqvideo/d/d7ybi3g2s1ee14r.jpg,,,高颜值长腿新版F4来袭,0.9,片花 偶像,0,0
2cy4xg8ywpb47dw,甜蜜暴击,http://i.gtimg.cn/qqlive/img/jpgcache/files/qqvideo/2/2cy4xg8ywpb47dw.jpg,,,鹿晗变身格斗系元气学长,0.9,爱情 偶像,0,0
hz1jkqvpb4detvb,狐狸的夏天第一季,http://i.gtimg.cn/qqlive/img/jpgcache/files/qqvideo/h/hz1jkqvpb4detvb.jpg,,,谭松韵碰瓷coolest总裁姜潮,0.8,爱情 偶像 都市,0,0
8rf0yx26ow16i0h,千金归来,http://i.gtimg.cn/qqlive/img/jpgcache/files/qqvideo/8/8rf0yx26ow16i0h.jpg,,,都市版公主复仇记,0.8,片花 爱情 偶像 剧情 家庭 都市,0,0
cltmsz5k25rt04w,龙日一你死定了,http://i.gtimg.cn/qqlive/img/jpgcache/files/qqvideo/c/cltmsz5k25rt04w.jpg,,,羞涩少女恋 青春回忆杀,0.8,网络剧 爱情 喜剧 偶像,0,0
4jmu0ucaieo09ct,龙日一你死定了2,http://i.gtimg.cn/qqlive/img/jpgcache/files/qqvideo/4/4jmu0ucaieo09ct.jpg,,,霸少宠溺升级 少女恋突遇劲敌,0.8,网络剧 爱情 偶像 喜剧,0,0
otff8quzy6b2dlw,《长安少年行》,//puui.qpic.cn/vupload/0/20190716_sub_poster_vip.png/0,王玉雯/ 吴希泽/ 刘奕畅/ 谢彬彬/ 漆培鑫,周家文,沈依依出身市井厨艺超群，幼时机缘巧合下她与大家闺秀沈蝶依成为好友，然而蝶依因咳疾离世，留下身世之谜。依依为报相知之恩，冒充蝶依到长安履行婚约，想要查明蝶依身世真相。为拖延婚期，依依女扮男装与蝶依未婚夫唐九华一起进入尚艺馆，巧遇受皇命隐藏身份查案的杨子安，欢喜冤家在一吵一闹之间互生情愫，子安却苦于依依的“男子身份”，进退两难。与此同时，沈依依、杨子安、唐九华、二皇子李心远及剑客独孤牧雪屡破惊世奇案、迎战东国使团，组成“尚艺馆五子”，名扬长安。在硝烟弥漫的战场上，沈杨二人生死相依，互表心意，“尚艺馆五子”力克敌军，凯旋回朝。本以为一切将回归平静，然而更大的阴谋才刚刚开始，多起案件的幕后黑手浮出水面，依依真实身份被子安得知，二人的感情面临挑战。众人顺利毕业，太子叛乱起兵谋反，蝶依身世引起轩然大波，尚艺馆众人如何共渡难关？杨子安和沈依依又将情归何处？,7.8,内地 2020 爱情 古装 青春,1,1
mzc002008c6apqt,长安少年行·速看版,http://i.gtimg.cn/qqlive/img/jpgcache/files/qqvideo/m/mzc002008c6apqt.jpg,,,迅速get高能嗨点,8.1,片花 爱情 古装,0,0
mzc00200lv3zkrg,长安少年行·五子竖屏剧场,http://i.gtimg.cn/qqlive/img/jpgcache/files/qqvideo/m/mzc00200lv3zkrg.jpg,,,甜逗剧情值得一百遍,8.1,片花 爱情 古装,0,0
mzc00200sdgxtba,长安少年行·花絮特辑,http://i.gtimg.cn/qqlive/img/jpgcache/files/qqvideo/m/mzc00200sdgxtba.jpg,,,直击尚艺五子欢脱现场,8.1,片花 爱情 古装,0,0
mzc00200bfxvab8,长安少年行·剧透小剧场,http://i.gtimg.cn/qqlive/img/jpgcache/files/qqvideo/m/mzc00200bfxvab8.jpg,,,尚艺五子在线说剧情,7.6,片花 爱情 古装,0,0
wqrl4z9ccgbiwdl,火王之破晓之战[DVD版],http://i.gtimg.cn/qqlive/img/jpgcache/files/qqvideo/w/wqrl4z9ccgbiwdl.jpg,,,陈柏霖景甜联手对敌,1.6,爱情 古装,0,0
mzc0020059t7f7t,满满喜欢你,http://i.gtimg.cn/qqlive/img/jpgcache/files/qqvideo/m/mzc0020059t7f7t.jpg,,,散打少女恋上天才学霸,1.2,爱情,0,0
1qxo0a57yboutfj,班长“殿下”,http://i.gtimg.cn/qqlive/img/jpgcache/files/qqvideo/1/1qxo0a57yboutfj.jpg,,,工科少女 硬核开撩,1.2,爱情,0,0
c6pp7uwg1o4h4bq,浪漫星星,http://i.gtimg.cn/qqlive/img/jpgcache/files/qqvideo/c/c6pp7uwg1o4h4bq.jpg,,,新贵总裁恋上平民小裁缝,1.0,爱情,0,0
pjqawubb9sxrum5,白蛇后传,http://i.gtimg.cn/qqlive/img/jpgcache/files/qqvideo/p/pjqawubb9sxrum5.jpg,,,一段爱情佳话,1.0,爱情 古装,0,0
r5vtahc8vj93nx8,陆贞传奇,http://i.gtimg.cn/qqlive/img/jpgcache/files/qqvideo/r/r5vtahc8vj93nx8.jpg,,,中国版“大长今”,1.0,爱情 古装,0,0
cuu5ut3qg7l0v0c,大唐情史,http://i.gtimg.cn/qqlive/img/jpgcache/files/qqvideo/c/cuu5ut3qg7l0v0c.jpg,,,唐朝那些事,1.0,爱情 古装,0,0
ym3zk2afta7lkuw,火王之破晓之战,http://i.gtimg.cn/qqlive/img/jpgcache/files/qqvideo/y/ym3zk2afta7lkuw.jpg,,,陈柏霖景甜开启甜爱之旅,1.0,爱情 古装,0,0
5294lvqsaa0gda8,爱情宝典,http://i.gtimg.cn/qqlive/img/jpgcache/files/qqvideo/5/5294lvqsaa0gda8.jpg,,,范冰冰演青楼女子爱上秀才,1.0,爱情 古装,0,0
mzc00200xole3rw,《黑暗物质 第一季》,//puui.qpic.cn/vcover_vt_pic/0/jnngbw19gy8ctes1569395930/350,詹姆斯·麦卡沃伊/ 露丝·威尔森/ 达芙妮·基恩/ 林-曼努尔·米兰达/ 克拉克·彼得斯/ 海伦·麦克洛瑞,汤姆·霍伯/ 杰米·奇尔兹/ 尤洛斯·林/ 安东尼·拜恩/ 威廉·麦格雷戈/ 奥图·巴瑟赫斯特,故事发生在不同于现实的异世界中，在这个世界中，所有的人类均拥有被称为守护精灵的动物同伴，这些动物是人类灵魂的具象体现。女主角莱拉·贝拉奎亚成长于英国牛津的约旦学院。在她前往伦敦寻找失踪的朋友罗杰的过程中，莱拉发现一系列儿童失踪事件与神秘物质尘埃有所关联。随着故事展开，她还发现了涉及到阿斯瑞尔勋爵和玛莉莎·库尔特的危险秘密。,8.67.6,英国 2019 奇幻 冒险 科幻,1,1
bubnr6zzqq584j8,地狱神探第一季,http://i.gtimg.cn/qqlive/img/jpgcache/files/qqvideo/b/bubnr6zzqq584j8.jpg,,,神秘骗子变超自然侦探,1.1,片花 科幻,0,0
mzc00200q06w7zx,龙岭迷窟,http://i.gtimg.cn/qqlive/img/jpgcache/files/qqvideo/m/mzc00200q06w7zx.jpg,,,改编自鬼吹灯 潘粤明迷窟探险,1.1,科幻 动作 剧情,0,0
i200hs4ip5a6u7a,鬼吹灯之精绝古城,http://i.gtimg.cn/qqlive/img/jpgcache/files/qqvideo/i/i200hs4ip5a6u7a.jpg,,,靳东陈乔恩开启探险之旅,1.0,科幻 动作 剧情,0,0
sxdpww9hfymrtua,权力的游戏第三季,http://i.gtimg.cn/qqlive/img/jpgcache/files/qqvideo/s/sxdpww9hfymrtua.jpg,,,狼家遭遇血色婚礼重创,1.0,科幻 战争 剧情,0,0
maljebn62xg27dc,权力的游戏第五季,http://i.gtimg.cn/qqlive/img/jpgcache/files/qqvideo/m/maljebn62xg27dc.jpg,,,新权力联盟崛起,1.0,科幻 战争 剧情,0,0
vqm1l9en588rdtx,权力的游戏第七季,http://i.gtimg.cn/qqlive/img/jpgcache/files/qqvideo/v/vqm1l9en588rdtx.jpg,,,终极大战一触即发,1.0,科幻 战争 剧情,0,0
sfn1vjnjkmzedna,权力的游戏第一季,http://i.gtimg.cn/qqlive/img/jpgcache/files/qqvideo/s/sfn1vjnjkmzedna.jpg,,,HBO奇幻史诗巨作,1.0,科幻 剧情,0,0
zf2z0xpqcculhcz,权力的游戏合集,http://i.gtimg.cn/qqlive/img/jpgcache/files/qqvideo/z/zf2z0xpqcculhcz.jpg,,,HBO奇幻史诗巨作,1.0,科幻 剧情,0,0
6rk0jemko5uecjh,权力的游戏第四季,http://i.gtimg.cn/qqlive/img/jpgcache/files/qqvideo/6/6rk0jemko5uecjh.jpg,,,权力舞台上演血色婚礼,1.0,科幻 剧情,0,0
g3asobp9jfq0tr0,权力的游戏第二季,http://i.gtimg.cn/qqlive/img/jpgcache/files/qqvideo/g/g3asobp9jfq0tr0.jpg,,,龙之母开启复国大业,1.0,科幻 剧情,0,0
54ntb912jygjxd7,权力的游戏第六季,http://i.gtimg.cn/qqlive/img/jpgcache/files/qqvideo/5/54ntb912jygjxd7.jpg,,,雪诺生死之谜即将揭晓,1.0,科幻 战争 剧情,0,0
5db7msbbak0cseu,新西游记,http://i.gtimg.cn/qqlive/img/jpgcache/files/qqvideo/5/5db7msbbak0cseu.jpg,,,中国版《指环王》,1.0,科幻 古装 动作,0,0
ey8h4ldyb8ta41s,女超人 第三季,http://i.gtimg.cn/qqlive/img/jpgcache/files/qqvideo/e/ey8h4ldyb8ta41s.jpg,,,女超人和黑势力火拼升级,0.9,动作 科幻,0,0
kbctgcaalm6j83u,快乐星球第三部,http://i.gtimg.cn/qqlive/img/jpgcache/files/qqvideo/k/kbctgcaalm6j83u.jpg,,,黑暗星球搞政变,0.9,科幻,0,0
mzc00200ibqz3tc,《法定丈夫[普通话版]》,//puui.qpic.cn/vupload/0/20190716_sub_poster_vip.png/0,普林·苏帕拉/ 尼塔莎·吉拉尤吉恩,安湃鹏·吉美诺,梅艾和蒂安因为双方的母亲是好朋友所以从学生时代就认识，而梅艾一直以为自己暗恋着蒂安，后来在蒂安有危险的时候，毫无怨言就同意和蒂安结婚，让他远离已婚女子亚达的纠缠，后来因为梅艾公司和蒂安公司合并，两个人还成了同事，两个人一起面对公司中出现的各种危机，在不断相处中相爱……,7.7,泰国 2020 爱情 喜剧 剧情,1,1
mzc002007fbpmu0,法定丈夫[泰语版],,,,逗趣小夫妻先婚后爱,20.,爱情 喜剧 剧情,0,0
78a76mhkuoiz8ad,你是我的毒玫瑰[泰语版],http://i.gtimg.cn/qqlive/img/jpgcache/files/qqvideo/7/78a76mhkuoiz8ad.jpg,,,毒舌男医生恋上娇蛮大明星,3.5,爱情 喜剧,0,0
r2v3k3icklt2htu,你是我的毒玫瑰[普通话版],http://i.gtimg.cn/qqlive/img/jpgcache/files/qqvideo/r/r2v3k3icklt2htu.jpg,,,毒舌男医生恋上娇蛮大明星,3.5,爱情 喜剧,0,0
9nl64ieihgh7qnz,恶魔债主,http://i.gtimg.cn/qqlive/img/jpgcache/files/qqvideo/9/9nl64ieihgh7qnz.jpg,,,平凡女孩做助理还债遇真爱,3.0,爱情 喜剧,0,0
de3sp1vsa1dbcjn,天生绝配[泰语版],http://i.gtimg.cn/qqlive/img/jpgcache/files/qqvideo/d/de3sp1vsa1dbcjn.jpg,,,网红少女遇旧爱重燃爱火,2.9,爱情 剧情,0,0
mnlhz75wutwjp8m,天生绝配[普通话版],http://i.gtimg.cn/qqlive/img/jpgcache/files/qqvideo/m/mnlhz75wutwjp8m.jpg,,,网红少女遇旧爱重燃爱火,2.9,爱情 剧情,0,0
lqxa3tle5cdkb1m,一喵定情[泰语版],http://i.gtimg.cn/qqlive/img/jpgcache/files/qqvideo/l/lqxa3tle5cdkb1m.jpg,,,Esther与Kenp甜宠蜜恋,2.9,爱情 剧情,0,0
wwvd4ex69l9akj5,一喵定情[普通话版],http://i.gtimg.cn/qqlive/img/jpgcache/files/qqvideo/w/wwvd4ex69l9akj5.jpg,,,Esther与Kenp甜宠蜜恋,2.9,爱情 剧情,0,0
4xejxtj554aysi2,千方百计爱上你,http://i.gtimg.cn/qqlive/img/jpgcache/files/qqvideo/4/4xejxtj554aysi2.jpg,,,梨涡男神复仇记,2.8,爱情 剧情 偶像,0,0
jtropm8st3kuqj8,命中注定我爱你[泰国版][泰语],http://i.gtimg.cn/qqlive/img/jpgcache/files/qqvideo/j/jtropm8st3kuqj8.jpg,,,霸道总裁爱上便利贴女孩,2.6,爱情 偶像 剧情,0,0
vzp10cr3k15105h,公主罗曼史[泰语版],http://i.gtimg.cn/qqlive/img/jpgcache/files/qqvideo/v/vzp10cr3k15105h.jpg,,,傲娇公主与平民先婚后爱,2.5,爱情 剧情,0,0
uj4ltkwye13qlq6,等你爱我(泰语版),http://i.gtimg.cn/qqlive/img/jpgcache/files/qqvideo/u/uj4ltkwye13qlq6.jpg,,,高冷总裁爱上平凡“假妹妹”,2.5,爱情 剧情,0,0
s1nxlfvzkkb3kvh,公主罗曼史[普通话版],http://i.gtimg.cn/qqlive/img/jpgcache/files/qqvideo/s/s1nxlfvzkkb3kvh.jpg,,,傲娇公主与平民先婚后爱,2.5,爱情 剧情,0,0
69pauxs47creagq,等你爱我(普通话版),http://i.gtimg.cn/qqlive/img/jpgcache/files/qqvideo/6/69pauxs47creagq.jpg,,,高冷总裁爱上假妹妹,2.5,爱情 剧情,0,0
mzc00200k12f5gi,《猎狐》,//puui.qpic.cn/vcover_vt_pic/0/mzc00200y8o6ry91588759762579/350,王凯/ 王鸥/ 胡军/ 刘奕君/ 邓家佳/ 傅晶,刘新,"北江市刑警队的“天才捕手”夏远职场上与亦师亦友的杨建群配合默契，生活中与青梅竹马的于小卉婚期将近，事业爱情双丰收。然而，一场由克瑞股票暴跌引发的跳楼案打破了他原本的生活。克瑞集团老总王柏林联手股评专家郝小强操纵股市。在这场阴谋中，未婚妻于小卉逐渐迷失，师父的妹妹杨建秋也被搅入乱局。而罪魁祸首王柏林逃往国外，试图彻底洗白自己。
经历失去挚爱、友人涉案的夏远痛苦不已，此时同事吴稼琪陪伴他走出低谷，夏远得以迅速成长为一名优秀的经侦干警。经过不懈努力，夏远带领队友们逐个攻克了王柏林犯罪集团的在逃成员，最终，成功将王柏林遣返归案，完成了这场历时多年艰苦卓绝的较量。",9.18.0,内地 2020 犯罪 剧情,1,1
mzc00200x9p7sya,猎狐·速看版,http://i.gtimg.cn/qqlive/img/jpgcache/files/qqvideo/m/mzc00200x9p7sya.jpg,,,三分钟get高能剧情,13.,片花 犯罪 剧情,0,0
mzc00200xkz40h5,猎狐·课代表,http://i.gtimg.cn/qqlive/img/jpgcache/files/qqvideo/m/mzc00200xkz40h5.jpg,,,三分钟理解经侦大案,13.,片花 犯罪 剧情,0,0
mzc00200ymy2zh3,猎狐·片场花絮,http://i.gtimg.cn/qqlive/img/jpgcache/files/qqvideo/m/mzc00200ymy2zh3.jpg,,,精彩花絮一网打尽,11.,片花 犯罪 剧情,0,0
mzc0020084wch7x,猎狐·北京卫视微剧场,http://i.gtimg.cn/qqlive/img/jpgcache/files/qqvideo/m/mzc0020084wch7x.jpg,,,片场内外爆笑花絮,5.0,片花 刑侦,0,0
mzc00200dczw4x1,猎狐·胡军cut,http://i.gtimg.cn/qqlive/img/jpgcache/files/qqvideo/m/mzc00200dczw4x1.jpg,,,胡军精彩视频一网打尽,2.5,片花 犯罪 剧情,0,0
n5wqlss4tenzokw,刻不容缓,http://i.gtimg.cn/qqlive/img/jpgcache/files/qqvideo/n/n5wqlss4tenzokw.jpg,,,正义与邪恶的较量,1.3,犯罪,0,0
adjzt1nircfo25o,伪装者,http://i.gtimg.cn/qqlive/img/jpgcache/files/qqvideo/a/adjzt1nircfo25o.jpg,,,胡歌变身富少玩谍战,1.2,悬疑 剧情,0,0
ud6slm1j2jipzbw,知青,http://i.gtimg.cn/qqlive/img/jpgcache/files/qqvideo/u/ud6slm1j2jipzbw.jpg,,,正能量青春赞歌,1.2,剧情,0,0
me1e5issr8ry6nf,天网孽情,http://i.gtimg.cn/qqlive/img/jpgcache/files/qqvideo/m/me1e5issr8ry6nf.jpg,,,警察办案的人性,1.2,犯罪 警匪 悬疑,0,0
zgwpjn6b4mifpg4,放弃我抓紧我,http://i.gtimg.cn/qqlive/img/jpgcache/files/qqvideo/z/zgwpjn6b4mifpg4.jpg,,,陈乔恩王凯首度合作,1.2,爱情 剧情,0,0
y83safzjp70asgy,等你爱我,http://i.gtimg.cn/qqlive/img/jpgcache/files/qqvideo/y/y83safzjp70asgy.jpg,,,王凯边拉琴边追爱,1.1,家庭 剧情,0,0
6dsftudi6tvprc8,放弃我抓紧我[DVD版],http://i.gtimg.cn/qqlive/img/jpgcache/files/qqvideo/6/6dsftudi6tvprc8.jpg,,,陈乔恩王凯首度合作,1.0,爱情 剧情,0,0
y67txa7hffalada,女人的天空,http://i.gtimg.cn/qqlive/img/jpgcache/files/qqvideo/y/y67txa7hffalada.jpg,,,王凯蒋欣变大学生村官,1.0,剧情,0,0
wibzr6v2oh6kpg8,女人不再沉默,http://i.gtimg.cn/qqlive/img/jpgcache/files/qqvideo/w/wibzr6v2oh6kpg8.jpg,,,直面性骚扰绝不沉默,0.9,犯罪 剧情,0,0
mzc00200q06w7zx,《龙岭迷窟》,//i.gtimg.cn/qqlive/images/mark/mark_2.png,潘粤明/ 张雨绮/ 姜超/ 高伟光,费振翔,胡八一、王胖子和大金牙被村民编造的绣花鞋的故事所骗，前往陕西古兰县。水路艰险，胡八一挺身让众人脱险。在招待所幸遇陈瞎子提醒，得以逃脱村民圈套。三人无意掉入“龙岭迷窟”遭蝙蝠袭击，发现身上长出红斑，决定在王大爷家修整，遇到同样来找红斑根源的shirley杨，并听闻了鹧鸪哨和了尘大师寻找雮尘珠的英勇故事。几人决心寻找雮尘珠，陈瞎子告诉他们“内藏眢”就在此地。村民故技重施，要求胡八一等人寻找钱财，两拨人马前往洞穴，遭到蜘蛛袭击，被困暗阁，但大家齐心协力，化险为夷，最终进入了“棋盘”机关，众人协作，找到了龙骨天书，逃出洞穴，准备前往云南继续解密“红斑”。,9.48.3,豆 豆瓣高分 内地 2020 奇幻 动作 冒险 剧情,1,1
i200hs4ip5a6u7a,鬼吹灯之精绝古城,http://i.gtimg.cn/qqlive/img/jpgcache/files/qqvideo/i/i200hs4ip5a6u7a.jpg,,,靳东陈乔恩开启探险之旅,3.5,科幻 动作 剧情,0,0
mzc002002gqkzvt,龙岭迷窟·幕后花絮,,,,灯云社逗贫营业,2.4,片花,0,0
mzc00200kbszxf4,龙岭迷窟·专刷探险版,,,,,2.4,片花,0,0
mzc00200m74dz28,竖屏刷龙岭迷窟,,,,上头很轻松,2.4,片花,0,0
yoz60y87rdgl1vp,鬼吹灯之黄皮子坟,http://i.gtimg.cn/qqlive/img/jpgcache/files/qqvideo/y/yoz60y87rdgl1vp.jpg,,,阮经天携探险团绝地求生,2.3,科幻 动作 剧情,0,0
mzc00200wb4bx34,龙岭迷窟·速看版,,,,跟上追剧节奏,2.3,片花 网络剧,0,0
mzc00200xgxykol,龙岭迷窟·课代表,,,,追剧百科小助手,2.3,片花,0,0
mzc00200wk4wxlp,云南虫谷,,,,,2.0,片花,0,0
5db7msbbak0cseu,新西游记,http://i.gtimg.cn/qqlive/img/jpgcache/files/qqvideo/5/5db7msbbak0cseu.jpg,,,中国版《指环王》,1.7,科幻 古装 动作,0,0
mzc0020010hqsc1,最后的搬山道人,http://i.gtimg.cn/qqlive/img/jpgcache/files/qqvideo/m/mzc0020010hqsc1.jpg,,,解锁鹧鸪哨探险N版结局,1.5,片花 科幻 动作 剧情,0,0
sxdpww9hfymrtua,权力的游戏第三季,http://i.gtimg.cn/qqlive/img/jpgcache/files/qqvideo/s/sxdpww9hfymrtua.jpg,,,狼家遭遇血色婚礼重创,1.4,科幻 战争 剧情,0,0
sfn1vjnjkmzedna,权力的游戏第一季,http://i.gtimg.cn/qqlive/img/jpgcache/files/qqvideo/s/sfn1vjnjkmzedna.jpg,,,HBO奇幻史诗巨作,1.4,科幻 剧情,0,0
vqm1l9en588rdtx,权力的游戏第七季,http://i.gtimg.cn/qqlive/img/jpgcache/files/qqvideo/v/vqm1l9en588rdtx.jpg,,,终极大战一触即发,1.4,科幻 战争 剧情,0,0
zf2z0xpqcculhcz,权力的游戏合集,http://i.gtimg.cn/qqlive/img/jpgcache/files/qqvideo/z/zf2z0xpqcculhcz.jpg,,,HBO奇幻史诗巨作,1.4,科幻 剧情,0,0
mzc002001pvxwzy,《致我们甜甜的小美满》,//puui.qpic.cn/vcover_vt_pic/0/otff8quzy6b2dlw1587008139604/350,龚俊/ 刘人语/ 李歌洋/ 完颜洛绒/ 安泳畅/ 高秋梓,邢潇,改编自小说《舟而复始》，并由原著作者赵乾乾亲任总编剧，讲述了赵泛舟和周筱历经分分合合最终走到一起的校园爱情故事。法医系男神套路满级，中文系少女脑洞清奇，逗萌情侣的互怼日常里，满满都是宠溺。,7.8,内地 2020 爱情,1,1
mzc002004a46hbj,小美满·竖屏小剧场,http://i.gtimg.cn/qqlive/img/jpgcache/files/qqvideo/m/mzc002004a46hbj.jpg,,,逗萌情侣开张营业,6.3,片花 爱情,0,0
mzc0020052ju0rb,小美满·独家花絮,,,,又甜又逗的CP片场日常,3.0,片花,0,0
mzc0020050roshp,致我们甜甜的小美满速看版,,,,高冷男学霸狂撩逗趣少女,2.8,片花,0,0
mzc00200rivcyyf,忘记你，记得爱情,,,,渔村少女的清新海盐恋爱,0.8,爱情,0,0
w8qxzsqol194vha,奇妙的时光之旅[DVD版],http://i.gtimg.cn/qqlive/img/jpgcache/files/qqvideo/w/w8qxzsqol194vha.jpg,,,林心如贾乃亮CP感爆棚,0.8,爱情 科幻 偶像,0,0
mzc00200z9th9sx,蓬莱间,http://i.gtimg.cn/qqlive/img/jpgcache/files/qqvideo/m/mzc00200z9th9sx.jpg,,,灵物医生白宇找回千年初恋,0.8,爱情 科幻 剧情,0,0
mzc0020059t7f7t,满满喜欢你,http://i.gtimg.cn/qqlive/img/jpgcache/files/qqvideo/m/mzc0020059t7f7t.jpg,,,散打少女恋上天才学霸,0.8,爱情,0,0
qp888i8umsnsag5,我的功夫女友,http://i.gtimg.cn/qqlive/img/jpgcache/files/qqvideo/q/qp888i8umsnsag5.jpg,,,马苏演功夫女汉子,0.8,爱情 剧情,0,0
n76mfat9qhrdzcl,奇妙的时光之旅,http://i.gtimg.cn/qqlive/img/jpgcache/files/qqvideo/n/n76mfat9qhrdzcl.jpg,,,林心如贾乃亮CP感爆棚,0.8,爱情 科幻 偶像,0,0
l7qbwhpzorvnks8,风光大嫁,http://i.gtimg.cn/qqlive/img/jpgcache/files/qqvideo/l/l7qbwhpzorvnks8.jpg,,,蒋梦婕与丹尼斯·吴上演三角网恋,0.8,爱情 剧情,0,0
1qxo0a57yboutfj,班长“殿下”,http://i.gtimg.cn/qqlive/img/jpgcache/files/qqvideo/1/1qxo0a57yboutfj.jpg,,,工科少女 硬核开撩,0.8,爱情,0,0
gy9azl8fq6bc59i,外星女生柴小七,http://i.gtimg.cn/qqlive/img/jpgcache/files/qqvideo/g/gy9azl8fq6bc59i.jpg,,,霸总徐志贤邂逅外星少女,0.8,爱情 科幻 喜剧,0,0
eeixvklu2ybolhu,走进你的记忆,http://i.gtimg.cn/qqlive/img/jpgcache/files/qqvideo/e/eeixvklu2ybolhu.jpg,,,舅舅撩妹开窍脱单记,0.8,爱情 科幻,0,0
ecv3kc99vjazdz7,最好的遇见,http://i.gtimg.cn/qqlive/img/jpgcache/files/qqvideo/e/ecv3kc99vjazdz7.jpg,,,明道颖儿打出真情,0.8,爱情 剧情,0,0
dxd1v76tmu0wjuj,《清平乐》,//i.gtimg.cn/qqlive/images/20191105/cid.png,王凯/ 江疏影/ 任敏/ 杨玏/ 边程/ 叶祖新/ 喻恩泰/ 王楚然/ 刘钧,张开宙,北宋皇帝赵祯得知将自己养大的当朝太后刘娥并非亲生母亲，而自己的生母乃是太后当年的婢女李兰惠，深感愧疚。为了报答李家，赵祯将自己最心爱的女儿徽柔嫁给了李家的子孙李玮。朝堂之上，庆历新政大臣和老派权臣之间针锋相对，斗争风起云涌，赵祯治国如执秤，权衡各方势力，为国事殚精竭虑。徽柔与陪伴自己长大的内侍怀吉建立了深厚的感情，对志趣不和又木讷平庸的李玮万般排斥，终于与婆家起了冲突，不顾一切地夜扣宫门，打破帝国最严苛的规矩，引发滔天非议，司马光甚至要在大殿之上“碎首进谏”。赵祯一生悉心呵护的“言路通畅”、“监督国君”的风气，使得他在爱女之情和维护治国理念之间挣扎得遍体鳞伤。最终，公主以半疯狂的抗争，始终未屈服于“成为李玮真正妻子”的命运，却与怀吉永生不得相见。,9.38.2,豆 豆瓣高分 内地 2020 古装 历史 剧情,1,1
mzc002003y9eexj,清平乐[DVD版],,,,王凯江疏影共谱大宋盛世芳华,19.,古装 历史 剧情,0,0
mzc00200ludcssr,清平乐·速看版,http://i.gtimg.cn/qqlive/img/jpgcache/files/qqvideo/m/mzc00200ludcssr.jpg,,,快速get剧情,9.7,片花 古装 历史 剧情,0,0
hcikypr4zjndnhl,水浒后传,http://i.gtimg.cn/qqlive/img/jpgcache/files/qqvideo/h/hcikypr4zjndnhl.jpg,,,好汉传人再聚义,1.0,古装 历史 剧情,0,0
184q363kk4a1i54,大宋提刑官2,http://i.gtimg.cn/qqlive/img/jpgcache/files/qqvideo/1/184q363kk4a1i54.jpg,,,南宋包青天,0.9,古装 悬疑 历史 犯罪 剧情,0,0
lq4c3evvpw50otg,大宋王朝赵匡胤,http://i.gtimg.cn/qqlive/img/jpgcache/files/qqvideo/l/lq4c3evvpw50otg.jpg,,,大宋王朝的兴衰,0.9,古装 历史,0,0
1wbx6hb4d3icse8,如懿传,http://i.gtimg.cn/qqlive/img/jpgcache/files/qqvideo/1/1wbx6hb4d3icse8.jpg,,,周迅霍建华演绎清宫风云,0.9,古装 历史 爱情 剧情,0,0
okr4jr8q88a4g8s,避暑山庄大传奇,http://i.gtimg.cn/qqlive/img/jpgcache/files/qqvideo/o/okr4jr8q88a4g8s.jpg,,,汤镇宗化身乾隆,0.8,古装 历史 剧情,0,0
tl5xw7637k80zz1,情剑山河,http://i.gtimg.cn/qqlive/img/jpgcache/files/qqvideo/t/tl5xw7637k80zz1.jpg,,,南唐风流国主李煜,0.8,古装 爱情 历史,0,0
e7hi6lep1yc51ca,琅琊榜,http://i.gtimg.cn/qqlive/img/jpgcache/files/qqvideo/e/e7hi6lep1yc51ca.jpg,,,胡歌演惊魂权谋,0.8,古装 剧情,0,0
uwr8gse5tajsfgj,大秦帝国之纵横,http://i.gtimg.cn/qqlive/img/jpgcache/files/qqvideo/u/uwr8gse5tajsfgj.jpg,,,浩浩荡荡大秦传奇,0.8,古装 历史,0,0
mh3nvjoygijii68,少年包青天3,http://i.gtimg.cn/qqlive/img/jpgcache/files/qqvideo/m/mh3nvjoygijii68.jpg,,,邓超版推理悬疑剧,0.7,古装 爱情 悬疑 历史 偶像,0,0
8g4baeu0hdfpbi0,隋唐英雄3[DVD版],http://i.gtimg.cn/qqlive/img/jpgcache/files/qqvideo/8/8g4baeu0hdfpbi0.jpg,,,史诗传奇波澜壮阔,0.7,古装 历史 剧情,0,0
x5y7p3sz3tt9lb3,穿越时空的密令,http://i.gtimg.cn/qqlive/img/jpgcache/files/qqvideo/x/x5y7p3sz3tt9lb3.jpg,,,小朋友穿越时空破案记,0.7,古装 剧情,0,0
mzc00200bll9mha,《我是余欢水》,//puui.qpic.cn/vcover_vt_pic/0/mzc00200xole3rw1576750034/350,郭京飞/ 苗苗/ 高露/ 岳旸/ 赵达,孙墨龙,余欢水是公司里业绩最差的员工，退让隐忍、得过且过是他的生存法则，直到嫌他窝囊的妻子提出离婚，余欢水仍未做出改变。某日借酒浇愁后，余欢水身体不适查出癌症，万念俱灰的他破罐子破摔，性情大变，还在阴差阳错之下，成了见义勇为的英雄，到达人生巅峰。但阴差阳错的命运仍在继续，危机和挑战接踵而至，直到余欢水找到真正的尊严与幸福。,8.58.5,豆 豆瓣高分 内地 2020 都市 剧情,1,1
mzc00200pk9moa1,余欢水·竖屏剧场,http://i.gtimg.cn/qqlive/img/jpgcache/files/qqvideo/m/mzc00200pk9moa1.jpg,,,换个角度看欢水,14.,片花 都市 剧情,0,0
mzc0020058p2c6p,我是余欢水·花絮,http://i.gtimg.cn/qqlive/img/jpgcache/files/qqvideo/m/mzc0020058p2c6p.jpg,,,人均处女座剧组幕后故事,2.3,片花 都市 剧情,0,0
i200hs4ip5a6u7a,鬼吹灯之精绝古城,http://i.gtimg.cn/qqlive/img/jpgcache/files/qqvideo/i/i200hs4ip5a6u7a.jpg,,,靳东陈乔恩开启探险之旅,1.4,科幻 动作 剧情,0,0
wu1e7mrffzvibjy,都挺好,http://i.gtimg.cn/qqlive/img/jpgcache/files/qqvideo/w/wu1e7mrffzvibjy.jpg,,,2019年度爆款口碑炸裂,1.2,家庭 都市 剧情,0,0
mzc0020095tf0wm,完美关系,http://i.gtimg.cn/qqlive/img/jpgcache/files/qqvideo/m/mzc0020095tf0wm.jpg,,,黄轩佟丽娅王牌联手揭秘公关,1.1,都市 剧情,0,0
mzc00200b5jj666,完美关系[DVD版],,,,黄轩佟丽娅王牌联手揭秘公关,1.1,都市 剧情,0,0
mzc0020035dthgx,遇见幸福[DVD版],http://i.gtimg.cn/qqlive/img/jpgcache/files/qqvideo/m/mzc0020035dthgx.jpg,,,蒋欣李光洁郭京飞直面中年危机,1.1,都市 家庭 剧情,0,0
mzc002009rrrr0r,遇见幸福,http://i.gtimg.cn/qqlive/img/jpgcache/files/qqvideo/m/mzc002009rrrr0r.jpg,,,蒋欣李光洁郭京飞直面中年危机,1.1,都市 家庭 剧情,0,0
i1evljhb6k0eyvn,好男儿之情感护理,http://i.gtimg.cn/qqlive/img/jpgcache/files/qqvideo/i/i1evljhb6k0eyvn.jpg,,,张译变身道歉专业户,1.0,都市 爱情 剧情,0,0
ndrflhegylno9u6,都挺好幕后花絮,http://i.gtimg.cn/qqlive/img/jpgcache/files/qqvideo/n/ndrflhegylno9u6.jpg,,,一切看起来都挺好的,1.0,片花 家庭 都市 剧情,0,0
d93ioc9qdo1091m,都挺好速看版,http://i.gtimg.cn/qqlive/img/jpgcache/files/qqvideo/d/d93ioc9qdo1091m.jpg,,,比欢乐颂还扎心的剧来了,1.0,片花 家庭 都市 剧情,0,0
mzc00200dkb4z6s,遇见幸福速看版,http://i.gtimg.cn/qqlive/img/jpgcache/files/qqvideo/m/mzc00200dkb4z6s.jpg,,,蒋欣李光洁郭京飞直面中年危机,0.9,片花 都市 家庭 剧情,0,0
wt9ylsopqwi5ppx,阳光丽人,http://i.gtimg.cn/qqlive/img/jpgcache/files/qqvideo/w/wt9ylsopqwi5ppx.jpg,,,迷死男人不偿命,0.9,都市,0,0
xqmyd00jg2bn7xh,我爱男保姆,http://i.gtimg.cn/qqlive/img/jpgcache/files/qqvideo/x/xqmyd00jg2bn7xh.jpg,,,全能煮夫逆袭之路,0.8,都市 爱情,0,0
mzc00200lldrsa6,《我的天才女友》,//puui.qpic.cn/vupload/0/20190716_sub_poster_vip.png/0,伊利莎·德尔·吉尼欧/ 卢多维卡·纳斯提/ 玛格丽塔·马祖可/ 盖娅·吉拉切,萨维里奥·科斯坦佐,"《我的天才女友》是埃莱娜·费兰特“那不勒斯四部曲”的第一部，讲述了两个女主人公莉拉和埃莱娜的少女时代。故事一开始，已经功成名就的埃莱娜接到莉拉儿子里诺的电话，说他母亲彻底消失了。埃莱娜想起莉拉对自己命运的预言，于是她写下她们一生的故事……
莉拉和埃莱娜一起成长于那不勒斯一个破败的社区，从小形影不离，彼此信赖，但又都视对方为自己隐秘的镜子，暗暗角力。莉拉聪明，漂亮。她可以毫不畏惧地和欺凌自己的男生对质，也可以去找人人惧怕的阿奇勒﹒卡拉奇要回被他夺走的玩具；埃莱娜既羡慕莉拉的学习天赋和超人的决断力，又一直暗暗模仿莉拉。
家人不支持莉拉继续求学，因此她到父亲和兄长苦苦维持的修鞋店帮工，又面临几个纨绔子弟的追求。埃莱娜则怀着对朋友的关爱、嫉妒和理解，独自继续学业，却始终无法面对和莉拉竞争的失落。
最终，十六岁的莉拉决定嫁给肉食店老板，但在婚宴上，她发现了丈夫的背叛。而埃莱娜也站在成人世界的入口，既为前途担忧，也因对思想前卫的尼诺产生朦胧好感而彷徨。",9.49.3,豆 豆瓣高分 意大利 2018 剧情,1,1
mzc0020046q4d6r,我的天才女友 第二季,,,,,1.4,片花,0,0
6h7wl5b7uuscct0,六尺之下第一季,http://i.gtimg.cn/qqlive/img/jpgcache/files/qqvideo/6/6h7wl5b7uuscct0.jpg,,,六尺之事,1.2,家庭 剧情,0,0
c0itfx98nlo89gh,六尺之下第三季,http://i.gtimg.cn/qqlive/img/jpgcache/files/qqvideo/c/c0itfx98nlo89gh.jpg,,,延续黑色幽默的殡葬家族,1.2,家庭 剧情,0,0
zuijil3h5aqqimm,六尺之下第四季,http://i.gtimg.cn/qqlive/img/jpgcache/files/qqvideo/z/zuijil3h5aqqimm.jpg,,,殡葬业一家的家庭恐慌,1.2,家庭 剧情,0,0
thxd6hwx23e32gx,六尺之下第二季,http://i.gtimg.cn/qqlive/img/jpgcache/files/qqvideo/t/thxd6hwx23e32gx.jpg,,,殡葬家族爱恨纠葛,1.1,家庭 剧情,0,0
spy9cdqqhjpv25d,六尺之下第五季,http://i.gtimg.cn/qqlive/img/jpgcache/files/qqvideo/s/spy9cdqqhjpv25d.jpg,,,私人殡仪馆的故事,1.1,家庭 剧情,0,0
l6rk4qigind76bt,六尺之下全集,http://i.gtimg.cn/qqlive/img/jpgcache/files/qqvideo/l/l6rk4qigind76bt.jpg,,,殡葬家族爱恨纠葛,1.1,家庭 剧情,0,0
eio0etatncfnrrm,真探第一季,http://i.gtimg.cn/qqlive/img/jpgcache/files/qqvideo/e/eio0etatncfnrrm.jpg,,,麦康纳变身神探,1.1,悬疑 犯罪 剧情,0,0
fpgl4yczxnnlmpw,新闻编辑室第一季,http://i.gtimg.cn/qqlive/img/jpgcache/files/qqvideo/f/fpgl4yczxnnlmpw.jpg,,,新闻的操守与商业化,1.0,剧情,0,0
otkq9s3s26es7w1,道北人,http://i.gtimg.cn/qqlive/img/jpgcache/files/qqvideo/o/otkq9s3s26es7w1.jpg,,,张嘉译首部电视剧,1.0,剧情,0,0
jfc2e407amupw1a,西藏秘密,http://i.gtimg.cn/qqlive/img/jpgcache/files/qqvideo/j/jfc2e407amupw1a.jpg,,,解放的传说,1.0,剧情,0,0
jdq1z12sroanj37,小戏骨白毛女,http://i.gtimg.cn/qqlive/img/jpgcache/files/qqvideo/j/jdq1z12sroanj37.jpg,,,萌娃挑战经典抗战歌舞剧,1.0,剧情,0,0
lq81p2hszx53nqk,记忆,http://i.gtimg.cn/qqlive/img/jpgcache/files/qqvideo/l/lq81p2hszx53nqk.jpg,,,阿尔茨海默病症律师最后法庭辩论,1.0,剧情,0,0
mirr6spy4bz8kki,美女上错身第二季,http://i.gtimg.cn/qqlive/img/jpgcache/files/qqvideo/m/mirr6spy4bz8kki.jpg,,,胖律师汹涌来袭,0.9,喜剧 科幻 都市,0,0
mzc00200gqu4lmv,《恋爱播放列表》,//puui.qpic.cn/vcover_vt_pic/0/mzc00200ibqz3tc1587347355363/350,王旭东/ 余佳淼/ 李沐芷/ 谢兴阳/ 张俐晴,梁锋,《恋爱播放列表》改编自韩国同名热门网剧，该剧从不同视角讲述了几对大学生情侣间的恋爱故事，故事以大学生间的恋爱为主线，每集探讨一个年轻人的恋爱话题，讲述几对年轻情侣在多种恋爱模式下的苦辣酸甜。,7.6,内地 2020 爱情 青春,1,1
mzc002007vjde28,恋爱播放列表·竖屏也爱,http://i.gtimg.cn/qqlive/img/jpgcache/files/qqvideo/m/mzc002007vjde28.jpg,,,100 对情侣，100种恋爱模式,21.,网络剧 爱情,0,0
mzc00200bz3pt5f,金斩，有何贵干？,http://i.gtimg.cn/qqlive/img/jpgcache/files/qqvideo/m/mzc00200bz3pt5f.jpg,,,酷盖学渣遇上宇直学霸,1.8,网络剧 喜剧,0,0
bg8lt16giaj9vyu,恶魔少爷第二季,http://i.gtimg.cn/qqlive/img/jpgcache/files/qqvideo/b/bg8lt16giaj9vyu.jpg,,,霸道总裁高糖虐恋升级,1.6,网络剧 爱情 偶像,0,0
mw049u7n1ou17b1,别碰我心底的小柔软,http://i.gtimg.cn/qqlive/img/jpgcache/files/qqvideo/m/mw049u7n1ou17b1.jpg,,,绝美少年玩转青春音乐梦,1.5,网络剧 爱情,0,0
uv2qqgf38mjh9by,浪漫星星·速看版,http://i.gtimg.cn/qqlive/img/jpgcache/files/qqvideo/u/uv2qqgf38mjh9by.jpg,,,三分钟速看浪漫星星,1.4,片花 爱情,0,0
kg1tfqbx17kc7dt,快把我哥带走,http://i.gtimg.cn/qqlive/img/jpgcache/files/qqvideo/k/kg1tfqbx17kc7dt.jpg,,,经典国漫改编真人剧,1.4,偶像,0,0
c6pp7uwg1o4h4bq,浪漫星星,http://i.gtimg.cn/qqlive/img/jpgcache/files/qqvideo/c/c6pp7uwg1o4h4bq.jpg,,,新贵总裁恋上平民小裁缝,1.3,爱情,0,0
alsuze6rk2p32t0,看不见的TA2,http://i.gtimg.cn/qqlive/img/jpgcache/files/qqvideo/a/alsuze6rk2p32t0.jpg,,,TFBOYS神秘方式治愈孤独,1.2,网络剧 偶像,0,0
tlsujlewdkubfyz,热舞吧！青春,http://i.gtimg.cn/qqlive/img/jpgcache/files/qqvideo/t/tlsujlewdkubfyz.jpg,,,迪丽热巴炫酷街舞释放青春,1.2,网络剧 偶像,0,0
ziii7d2cx9tx0cq,少年有点酷,http://i.gtimg.cn/qqlive/img/jpgcache/files/qqvideo/z/ziii7d2cx9tx0cq.jpg,,,高燃少年追梦青春,1.2,网络剧 偶像,0,0
1eyf4xyyez4p76n,恶魔少爷第一季,http://i.gtimg.cn/qqlive/img/jpgcache/files/qqvideo/1/1eyf4xyyez4p76n.jpg,,,00后霸道总裁宠虐神剧,1.2,网络剧 爱情 偶像,0,0
b4vdyp3yd73t8dc,夏至未至,http://i.gtimg.cn/qqlive/img/jpgcache/files/qqvideo/b/b4vdyp3yd73t8dc.jpg,,,陈学冬郑爽白敬亭话青春,1.1,爱情 偶像,0,0
4d4kea1v0415435,橘生淮南·速看版,http://i.gtimg.cn/qqlive/img/jpgcache/files/qqvideo/4/4d4kea1v0415435.jpg,,,酸甜暗恋瞬间都在这里,1.1,片花 爱情 剧情,0,0
f83yyw1wjm6vqwu,暗恋橘生淮南,http://i.gtimg.cn/qqlive/img/jpgcache/files/qqvideo/f/f83yyw1wjm6vqwu.jpg,,,“振华系列”收官之作来袭,1.1,爱情 剧情,0,0
fyxgdb78znsgkti,《九州天空城2》,//puui.qpic.cn/vupload/0/20190716_sub_poster_vip.png/0,徐正溪/ 王玉雯/ 李沐宸/ 代文雯/ 王子奇/ 柴格,赵锦焘/ 闵国辉/ 张进庆,"羽皇风天逸与人族少女易茯苓打破了星流花神的宿命轮回，有情人终成眷属，被后人传为佳话。其女风如澈出生那年，澜州大地最伟大的秘术师雪景空的一滴心头血拯救了被花神杀死的风如澈，由此开启了二人一生的宿命纠葛。
澜州各地群雄四起，神谕有云“金翼出，女皇现”，各方势力都在寻找生有金色羽翼的风天逸独女。风如澈十八岁生日那天突然长出一双金色羽翼，命运从此改变。昨天还是走江湖讨生活的小飞贼，今日就成了君临天下的女皇陛下。进入宫中，风如澈却成为权臣明争暗斗的棋子，落难的她再次命运般地邂逅了雪景空……",7.8,内地 2020 古装 奇幻 爱情 偶像,1,1
mzc00200gzu1lms,天空城2·竖屏剧场,http://i.gtimg.cn/qqlive/img/jpgcache/files/qqvideo/m/mzc00200gzu1lms.jpg,,,换个角度看风雪甜豆沙,8.2,片花 古装,0,0
mzc0020088yuxit,九州天空城2·速看版,http://i.gtimg.cn/qqlive/img/jpgcache/files/qqvideo/m/mzc0020088yuxit.jpg,,,三分钟get精华剧情,8.2,片花 古装,0,0
mzc002008sqi5ax,天空城2·独家花絮,http://i.gtimg.cn/qqlive/img/jpgcache/files/qqvideo/m/mzc002008sqi5ax.jpg,,,风雪CP片场撒糖,8.2,片花 古装,0,0
mzc00200to384h9,天空城2·风雪甜豆沙,http://i.gtimg.cn/qqlive/img/jpgcache/files/qqvideo/m/mzc00200to384h9.jpg,,,澜州趣甜爱情故事,8.2,片花 古装,0,0
0lmgk2kez0lztri,九州天空城,http://i.gtimg.cn/qqlive/img/jpgcache/files/qqvideo/0/0lmgk2kez0lztri.jpg,,,张若昀关晓彤演绎凄美虐恋,2.0,古装 科幻 爱情 偶像,0,0
033i818h6hqga2i,独孤天下,http://i.gtimg.cn/qqlive/img/jpgcache/files/qqvideo/0/033i818h6hqga2i.jpg,,,胡冰卿安以轩姐妹卷入宫闱秘闻,1.9,古装 爱情,0,0
1zy0d9omf1ycae9,凤弈·东梁爱情故事,http://i.gtimg.cn/qqlive/img/jpgcache/files/qqvideo/1/1zy0d9omf1ycae9.jpg,,,琵琶精倒追叉腰太师,1.8,片花 古装 爱情,0,0
1hnc62lteegcjhu,山海经之赤影传说,http://i.gtimg.cn/qqlive/img/jpgcache/files/qqvideo/1/1hnc62lteegcjhu.jpg,,,张翰穿越千年恋娜扎,1.6,片花 古装 神话 科幻 爱情 偶像,0,0
vooy2m9hi5p1jqm,三生三世枕上书,http://i.gtimg.cn/qqlive/img/jpgcache/files/qqvideo/v/vooy2m9hi5p1jqm.jpg,,,迪丽热巴高伟光再续前缘,1.6,古装 科幻 爱情,0,0
qg67m04ckextp6j,九州·海上牧云记,http://i.gtimg.cn/qqlive/img/jpgcache/files/qqvideo/q/qg67m04ckextp6j.jpg,,,黄轩窦骁开启九州世界,1.5,古装 科幻,0,0
j6b8z5urtg2wj5h,将夜2,http://i.gtimg.cn/qqlive/img/jpgcache/files/qqvideo/j/j6b8z5urtg2wj5h.jpg,,,热血少年逆天再战,1.5,古装 科幻 剧情 爱情,0,0
nuijxf6k13t6z9b,择天记,http://i.gtimg.cn/qqlive/img/jpgcache/files/qqvideo/n/nuijxf6k13t6z9b.jpg,,,鹿晗荧屏首秀逆天改命,1.4,古装 科幻,0,0
jdiybxs1wqckee9,《海上牧云记》干货版,http://i.gtimg.cn/qqlive/img/jpgcache/files/qqvideo/j/jdiybxs1wqckee9.jpg,,,带你空降重点剧情,1.4,古装 科幻,0,0
6tnvojd22kjfbhz,萌妻食神夫妇高甜日常,http://i.gtimg.cn/qqlive/img/jpgcache/files/qqvideo/6/6tnvojd22kjfbhz.jpg,,,业余CP狗粮领取处,1.4,片花 古装 爱情 喜剧,0,0
tdet7pc4l20p72q,《爱情的开关》,//puui.qpic.cn/vcover_vt_pic/0/mzc00200k12f5gi1586743935552/350,熊梓淇/ 赖雨濛/ 董力/ 赵珞然/ 马雪阳/ 王渊慧/ 何佳宣/ 许榕真/ 岳跃利,杨玄,周衍照与小萌深爱彼此多年。周衍照按照约定在小萌二十二岁生日之时回国相见。但周父意外过世，周衍照不得不接受父亲所经营的地产公司。因为害死周父的嫌疑人是小萌的母亲，两人之间爱情破碎。周衍照进入盛海集团，与对手蒋庆诚一次又一次过招，经历商业危机、手下背叛、融资失败、工程事故、身世秘密等重重坎坷，艰难守业。而小萌，背负着周衍照的误解和仇恨，主持事业几起几落。她从未放弃，同时一直坚持慈善公益事业，帮助福利院孩子天空复明。小萌一直在努力使自己成长为更坚强美好的人。几经风雨坎坷，两人之间矛盾和误解逐渐消弭。周衍照与周小萌携手，找出阴谋幕后的真凶，同时也从蒋庆诚手中夺回了盛海集团。最终，两人重新打开了心中爱情的开关，相爱相守。,7.8,内地 2020 都市 爱情,1,1
mzc00200enshrig,爱情的开关[DVD版],,,,熊梓淇赖雨濛董力都市虐恋,16.,都市 爱情,0,0
mzc00200h3xpgq8,爱情的开关·竖屏剧场,http://i.gtimg.cn/qqlive/img/jpgcache/files/qqvideo/m/mzc00200h3xpgq8.jpg,,,上划屏幕看竖版高能片段,11.,片花 都市 爱情,0,0
mzc00200bnjp66c,爱情的开关·速看版,http://i.gtimg.cn/qqlive/img/jpgcache/files/qqvideo/m/mzc00200bnjp66c.jpg,,,三分钟看青梅竹马虐恋情深,11.,片花 都市 爱情,0,0
mzc00200b0nq97c,国民老公2,http://i.gtimg.cn/qqlive/img/jpgcache/files/qqvideo/m/mzc00200b0nq97c.jpg,,,熊梓淇赖雨濛婚后虐恋,1.8,爱情 偶像 剧情,0,0
mzc00200fybsdhu,国民老公2·速看版,http://i.gtimg.cn/qqlive/img/jpgcache/files/qqvideo/m/mzc00200fybsdhu.jpg,,,3分钟看国民老公婚后虐恋,1.5,片花 爱情 偶像 剧情,0,0
qbg2fqufux43l4p,恋了爱了,http://i.gtimg.cn/qqlive/img/jpgcache/files/qqvideo/q/qbg2fqufux43l4p.jpg,,,都市豪门虐情绝爱,1.5,都市 爱情,0,0
mzc00200hqfenem,国民老公2·独家花絮,http://i.gtimg.cn/qqlive/img/jpgcache/files/qqvideo/m/mzc00200hqfenem.jpg,,,国民老公幕后趣闻,1.3,片花 爱情 偶像,0,0
ytnxlfqkis831x8,繁星四月,http://i.gtimg.cn/qqlive/img/jpgcache/files/qqvideo/y/ytnxlfqkis831x8.jpg,,,戚薇吴奇隆上演地下虐恋,1.2,都市 爱情,0,0
6x00wpwwa2qvkmp,幸福媳妇成长记,http://i.gtimg.cn/qqlive/img/jpgcache/files/qqvideo/6/6x00wpwwa2qvkmp.jpg,,,前女友混战前妻,1.1,都市 爱情 家庭 剧情,0,0
pugfij2xohwuxku,爱要有你才完美,http://i.gtimg.cn/qqlive/img/jpgcache/files/qqvideo/p/pugfij2xohwuxku.jpg,,,寻梦的北漂,1.1,都市 爱情,0,0
i51ytraliclii9q,好久不见,http://i.gtimg.cn/qqlive/img/jpgcache/files/qqvideo/i/i51ytraliclii9q.jpg,,,杨子姗郑恺深陷十年虐恋,1.0,都市 爱情,0,0
ihraffcdbbtvytc,真情告别,http://i.gtimg.cn/qqlive/img/jpgcache/files/qqvideo/i/ihraffcdbbtvytc.jpg,,,都市情感剧,1.0,都市 爱情,0,0
lwidpn2fagebmpg,爱情的十字路口,http://i.gtimg.cn/qqlive/img/jpgcache/files/qqvideo/l/lwidpn2fagebmpg.jpg,,,贺刚演绎都市型男,1.0,都市 爱情,0,0
w1k6sxejqzl096d,今世迷情,http://i.gtimg.cn/qqlive/img/jpgcache/files/qqvideo/w/w1k6sxejqzl096d.jpg,,,生死一线,1.0,都市 爱情,0,0
