climate,date,max_temp,min_temp,site,wind
晴,2019年1月1日,1℃,-6℃,德州,东北风 1级
多云,2019年1月2日,2℃,-5℃,德州,东南风 2级
多云,2019年1月3日,5℃,-5℃,德州,东北风 1级
多云,2019年1月4日,3℃,-5℃,德州,东北风 2级
阴,2019年1月5日,2℃,-7℃,德州,东北风 1级
多云,2019年1月6日,3℃,-4℃,德州,东南风 1级
阴,2019年1月7日,4℃,-7℃,德州,东南风 1级
晴,2019年1月8日,1℃,-5℃,德州,东北风 2级
阴,2019年1月9日,1℃,-3℃,德州,西北风 微风
多云,2019年1月10日,2℃,-3℃,德州,西南风 3级
多云,2019年1月11日,4℃,-2℃,德州,西南风 1级
雾,2019年1月13日,3℃,-4℃,德州,东北风 1级
雾,2019年1月12日,4℃,-3℃,德州,东南风 1级
雾,2019年1月14日,2℃,-6℃,德州,西南风 1级
晴,2019年1月15日,-1℃,-7℃,德州,东南风 1级
多云,2019年1月16日,3℃,-6℃,德州,东南风 2级
晴,2019年1月17日,7℃,-3℃,德州,东南风 2级
阴,2019年1月19日,5℃,-5℃,德州,东南风 2级
阴,2019年1月18日,8℃,-3℃,德州,东南风 1级
晴,2019年1月20日,5℃,-3℃,德州,西北风 1级
晴,2019年1月21日,7℃,-5℃,德州,西北风 1级
晴,2019年1月22日,12℃,-5℃,德州,西南风 2级
多云,2019年1月23日,13℃,-4℃,德州,东南风 1级
晴,2019年1月24日,11℃,-3℃,德州,东南风 3级
多云,2019年1月25日,6℃,-7℃,德州,东北风 2级
晴,2019年1月26日,6℃,-2℃,德州,东南风 2级
多云,2019年1月27日,6℃,-3℃,德州,西北风 1级
多云,2019年1月28日,7℃,0℃,德州,东北风 1级
阴,2019年1月29日,8℃,0℃,德州,东北风 2级
阴,2019年1月30日,4℃,-4℃,德州,东南风 3级
多云,2019年1月31日,1℃,-5℃,德州,西南风 4级
晴,2019年2月1日,8℃,0℃,德州,东南风 3级
多云,2019年2月2日,6℃,-1℃,德州,东北风 2级
阴,2019年2月3日,8℃,-4℃,德州,西南风 2级
多云,2019年2月4日,12℃,2℃,德州,西南风 2级
扬沙,2019年2月5日,5℃,-2℃,德州,西南风 1级
阴,2019年2月6日,0℃,-4℃,德州,东北风 3级
多云,2019年2月7日,-1℃,-6℃,德州,东北风 2级
阴,2019年2月8日,-1℃,-5℃,德州,西南风 1级
阴,2019年2月9日,0℃,-5℃,德州,东北风 2级
阴,2019年2月10日,0℃,-5℃,德州,西南风 1级
多云,2019年2月11日,4℃,-4℃,德州,东南风 2级
阴,2019年2月12日,2℃,-2℃,德州,东北风 2级
阴,2019年2月13日,-1℃,-3℃,德州,东南风 2级
阴,2019年2月14日,-2℃,-5℃,德州,西南风 2级
多云,2019年2月15日,1℃,-7℃,德州,西北风 微风
晴,2019年2月16日,3℃,-6℃,德州,西南风 1级
多云,2019年2月17日,5℃,-3℃,德州,西北风 1级
阴,2019年2月18日,4℃,-3℃,德州,东南风 2级
雾,2019年2月19日,0℃,-3℃,德州,东南风 2级
雾,2019年2月20日,6℃,-2℃,德州,西南风 1级
雾,2019年2月21日,8℃,-4℃,德州,东北风 1级
多云,2019年2月22日,10℃,-3℃,德州,北风 微风
晴,2019年2月23日,12℃,-1℃,德州,东南风 1级
多云,2019年2月24日,14℃,1℃,德州,东南风 1级
多云,2019年2月25日,13℃,2℃,德州,西南风 3级
阴,2019年2月26日,9℃,2℃,德州,东南风 1级
阴,2019年2月27日,11℃,1℃,德州,东南风 1级
多云,2019年2月28日,14℃,3℃,德州,东南风 1级
阴,,31℃,14℃,德州,北风 3级
阴,,31℃,14℃,德州,北风 3级
多云,2019年3月1日,14℃,3℃,德州,西南风 微风
阴,,31℃,14℃,德州,北风 3级
多云,2019年3月2日,15℃,5℃,德州,西南风 2级
阴,2019年3月3日,13℃,2℃,德州,东南风 2级
晴,2019年3月4日,16℃,2℃,德州,东南风 3级
多云,2019年3月5日,17℃,4℃,德州,东北风 微风
晴,2019年3月6日,13℃,-1℃,德州,东北风 3级
晴,2019年3月7日,12℃,2℃,德州,东南风 2级
多云,2019年3月8日,14℃,6℃,德州,西南风 3级
多云,2019年3月9日,15℃,3℃,德州,东南风 1级
多云,2019年3月10日,16℃,4℃,德州,西南风 3级
晴,2019年3月11日,17℃,4℃,德州,西南风 1级
晴,2019年3月12日,12℃,0℃,德州,西南风 2级
晴,2019年3月13日,16℃,3℃,德州,东南风 2级
晴,2019年3月14日,18℃,4℃,德州,西南风 1级
晴,2019年3月15日,15℃,7℃,德州,东南风 3级
晴,2019年3月16日,22℃,6℃,德州,东南风 4级
晴,2019年3月17日,21℃,14℃,德州,西南风 2级
阴,2019年3月18日,21℃,12℃,德州,东南风 1级
多云,2019年3月19日,23℃,13℃,德州,东南风 4级
阴,2019年3月20日,22℃,7℃,德州,西北风 2级
多云,2019年3月21日,12℃,1℃,德州,东南风 2级
晴,2019年3月22日,15℃,5℃,德州,西南风 2级
晴,2019年3月23日,12℃,5℃,德州,西南风 2级
晴,2019年3月24日,19℃,7℃,德州,西南风 4级
晴,2019年3月25日,24℃,8℃,德州,西南风 3级
晴,2019年3月26日,26℃,12℃,德州,东南风 2级
阴,2019年3月27日,22℃,8℃,德州,东南风 6级
阴,2019年3月28日,10℃,3℃,德州,东北风 2级
多云,2019年3月29日,16℃,6℃,德州,西南风 1级
晴,2019年3月30日,12℃,0℃,德州,东北风 1级
晴,2019年3月31日,16℃,4℃,德州,西南风 1级
阴,2019年4月1日,17℃,6℃,德州,东南风 3级
多云,2019年4月2日,18℃,4℃,德州,东北风 2级
晴,2019年4月3日,20℃,11℃,德州,西南风 3级
阴,2019年4月4日,24℃,12℃,德州,东南风 3级
扬沙,2019年4月5日,24℃,11℃,德州,东南风 2级
多云,2019年4月6日,17℃,8℃,德州,东南风 2级
晴,2019年4月7日,21℃,10℃,德州,东北风 1级
阴,2019年4月8日,14℃,2℃,德州,东北风 2级
阴,2019年4月9日,7℃,2℃,德州,西南风 1级
阴,2019年4月10日,14℃,7℃,德州,东南风 2级
阴,2019年4月11日,15℃,5℃,德州,北风 微风
多云,2019年4月12日,18℃,12℃,德州,东南风 3级
阴,2019年4月13日,19℃,10℃,德州,西北风 1级
晴,2019年4月14日,21℃,10℃,德州,东南风 2级
晴,2019年4月15日,23℃,12℃,德州,西南风 3级
阴,2019年4月16日,25℃,15℃,德州,东南风 3级
晴,2019年4月17日,26℃,16℃,德州,东南风 4级
阴,2019年4月19日,17℃,10℃,德州,北风 微风
扬沙,2019年4月18日,20℃,11℃,德州,东南风 4级
阴,2019年4月20日,20℃,12℃,德州,西北风 2级
阴,2019年4月21日,20℃,12℃,德州,东南风 1级
阴,2019年4月23日,23℃,15℃,德州,西南风 微风
多云,2019年4月22日,24℃,16℃,德州,东南风 2级
阴,2019年4月24日,24℃,7℃,德州,东南风 6级
阴,2019年4月25日,11℃,7℃,德州,南风 微风
阴,2019年4月26日,18℃,8℃,德州,东北风 1级
阴,2019年4月27日,13℃,6℃,德州,东南风 1级
多云,2019年4月28日,17℃,9℃,德州,东南风 2级
晴,2019年4月29日,22℃,13℃,德州,东南风 1级
多云,2019年4月30日,25℃,11℃,德州,西北风 1级
阴,,31℃,14℃,德州,北风 3级
晴,2019年5月1日,28℃,12℃,德州,东北风 1级
晴,2019年5月2日,28℃,15℃,德州,东南风 1级
晴,2019年5月3日,27℃,17℃,德州,东南风 2级
阴,2019年5月4日,24℃,12℃,德州,东南风 3级
阴,2019年5月5日,22℃,7℃,德州,东南风 3级
多云,2019年5月6日,23℃,11℃,德州,西南风 微风
多云,2019年5月7日,25℃,16℃,德州,西北风 1级
阴,2019年5月8日,22℃,14℃,德州,西南风 2级
晴,2019年5月9日,28℃,17℃,德州,西南风 2级
阴,2019年5月10日,25℃,14℃,德州,东北风 2级
多云,2019年5月11日,29℃,17℃,德州,东南风 1级
阴,2019年5月12日,29℃,11℃,德州,西北风 2级
多云,2019年5月13日,23℃,14℃,德州,东南风 1级
多云,2019年5月14日,27℃,19℃,德州,东南风 1级
多云,2019年5月15日,28℃,20℃,德州,西南风 2级
多云,2019年5月16日,31℃,22℃,德州,东南风 2级
晴,2019年5月17日,31℃,18℃,德州,东北风 2级
阴,2019年5月18日,27℃,19℃,德州,东南风 2级
多云,2019年5月19日,27℃,15℃,德州,西北风 4级
晴,2019年5月20日,27℃,13℃,德州,西南风 1级
晴,2019年5月21日,31℃,17℃,德州,东南风 3级
晴,2019年5月22日,35℃,23℃,德州,东南风 2级
晴,2019年5月23日,39℃,26℃,德州,西北风 1级
阴,2019年5月24日,31℃,24℃,德州,东南风 3级
晴,2019年5月25日,33℃,23℃,德州,东南风 2级
多云,2019年5月26日,31℃,17℃,德州,东南风 2级
阴,2019年5月27日,27℃,18℃,德州,北风 1级
阴,2019年5月28日,31℃,20℃,德州,东南风 2级
晴,2019年5月29日,31℃,21℃,德州,东南风 1级
多云,2019年5月30日,28℃,17℃,德州,东南风 2级
晴,2019年5月31日,30℃,21℃,德州,东南风 2级
阴,2019年6月1日,31℃,23℃,德州,东南风 2级
晴,2019年6月2日,34℃,25℃,德州,东南风 2级
晴,2019年6月3日,35℃,23℃,德州,东北风 3级
阴,2019年6月4日,33℃,21℃,德州,东南风 2级
阴,2019年6月5日,28℃,19℃,德州,东南风 3级
晴,2019年6月7日,30℃,23℃,德州,西南风 3级
阴,2019年6月6日,26℃,18℃,德州,西北风 1级
多云,2019年6月8日,35℃,20℃,德州,东南风 2级
晴,2019年6月9日,30℃,19℃,德州,东南风 3级
晴,2019年6月11日,36℃,24℃,德州,东南风 1级
晴,2019年6月10日,32℃,19℃,德州,东南风 1级
晴,2019年6月12日,37℃,25℃,德州,东北风 1级
多云,2019年6月13日,36℃,24℃,德州,西北风 2级
多云,2019年6月14日,36℃,24℃,德州,东北风 微风
阴,2019年6月15日,35℃,24℃,德州,东南风 4级
多云,2019年6月16日,31℃,19℃,德州,东南风 3级
多云,2019年6月17日,34℃,23℃,德州,东北风 2级
晴,2019年6月18日,37℃,27℃,德州,西南风 2级
阴,2019年6月19日,37℃,28℃,德州,西北风 2级
阴,2019年6月20日,32℃,25℃,德州,西南风 1级
多云,2019年6月21日,33℃,23℃,德州,东北风 3级
多云,2019年6月22日,34℃,23℃,德州,东南风 微风
阴,2019年6月23日,37℃,25℃,德州,东南风 3级
多云,2019年6月24日,37℃,26℃,德州,东南风 微风
阴,2019年6月25日,34℃,24℃,德州,西南风 1级
多云,2019年6月26日,34℃,25℃,德州,东南风 1级
多云,2019年6月27日,36℃,27℃,德州,东北风 微风
阴,2019年6月28日,28℃,21℃,德州,西南风 3级
晴,2019年6月29日,36℃,24℃,德州,西北风 3级
多云,2019年6月30日,34℃,21℃,德州,东北风 1级
阴,,31℃,14℃,德州,北风 3级
晴,2019年7月1日,36℃,24℃,德州,东南风 4级
晴,2019年7月2日,38℃,24℃,德州,东北风 2级
晴,2019年7月3日,36℃,24℃,德州,东南风 1级
阴,2019年7月4日,36℃,27℃,德州,东南风 2级
小雨,2019年7月6日,25℃,20℃,德州,西北风 1级
晴,2019年7月5日,38℃,22℃,德州,西北风 4级
雷阵雨,2019年7月7日,28℃,20℃,德州,东北风 2级
多云,2019年7月8日,29℃,21℃,德州,东南风 2级
阴,2019年7月9日,30℃,21℃,德州,东北风 3级
阴,2019年7月10日,28℃,21℃,德州,东北风 2级
多云,2019年7月11日,29℃,21℃,德州,西北风 1级
多云,2019年7月12日,32℃,22℃,德州,东南风 2级
多云,2019年7月13日,34℃,23℃,德州,东北风 1级
阴,2019年7月14日,31℃,24℃,德州,东南风 3级
多云,2019年7月15日,34℃,25℃,德州,东南风 3级
阴,2019年7月16日,33℃,26℃,德州,东南风 2级
阴,2019年7月17日,31℃,25℃,德州,东北风 2级
晴,2019年7月18日,33℃,24℃,德州,东南风 2级
多云,2019年7月19日,33℃,25℃,德州,东北风 2级
阴,2019年7月20日,33℃,24℃,德州,南风 微风
多云,2019年7月21日,35℃,26℃,德州,东南风 1级
阴,2019年7月22日,35℃,26℃,德州,东南风 2级
多云,2019年7月23日,33℃,25℃,德州,东南风 2级
多云,2019年7月24日,37℃,29℃,德州,东南风 1级
小雨,2019年7月25日,34℃,27℃,德州,东南风 3级
晴,2019年7月26日,36℃,28℃,德州,东北风 1级
晴,2019年7月27日,36℃,28℃,德州,西南风 2级
多云,2019年7月28日,35℃,29℃,德州,东南风 2级
中雨,2019年7月29日,33℃,24℃,德州,西南风 2级
阴,2019年7月30日,32℃,25℃,德州,东南风 1级
多云,2019年7月31日,34℃,26℃,德州,东南风 2级
阴,2019年8月1日,35℃,24℃,德州,西南风 2级
中雨,2019年8月2日,26℃,23℃,德州,西北风 1级
阴,2019年8月3日,30℃,25℃,德州,西北风 微风
小雨,2019年8月4日,32℃,25℃,德州,西北风 1级
多云,2019年8月5日,32℃,25℃,德州,东南风 1级
阴,2019年8月6日,31℃,25℃,德州,东南风 2级
阴,2019年8月7日,30℃,24℃,德州,西南风 1级
多云,2019年8月8日,33℃,25℃,德州,东南风 1级
阴,2019年8月9日,33℃,25℃,德州,西北风 2级
中雨,2019年8月10日,26℃,24℃,德州,东北风 2级
中雨,2019年8月11日,23℃,22℃,德州,东北风 4级
中雨,2019年8月12日,26℃,22℃,德州,西北风 4级
多云,2019年8月13日,28℃,22℃,德州,东北风 1级
多云,2019年8月14日,31℃,20℃,德州,东北风 2级
晴,2019年8月15日,32℃,22℃,德州,东南风 1级
阴,2019年8月16日,29℃,20℃,德州,西南风 1级
晴,2019年8月17日,30℃,18℃,德州,东南风 微风
晴,2019年8月18日,32℃,20℃,德州,东南风 1级
多云,2019年8月19日,31℃,22℃,德州,东北风 2级
多云,2019年8月20日,29℃,22℃,德州,西南风 1级
晴,2019年8月21日,30℃,21℃,德州,西北风 1级
晴,2019年8月22日,30℃,20℃,德州,东南风 1级
多云,2019年8月23日,32℃,22℃,德州,南风 微风
阴,2019年8月24日,26℃,21℃,德州,东北风 1级
阴,2019年8月25日,25℃,22℃,德州,西北风 1级
阴,2019年8月26日,27℃,20℃,德州,东南风 1级
多云,2019年8月27日,31℃,21℃,德州,西南风 2级
雾,2019年8月28日,33℃,18℃,德州,东北风 1级
晴,2019年8月29日,29℃,18℃,德州,东北风 1级
晴,2019年8月30日,30℃,17℃,德州,南风 微风
晴,2019年8月31日,30℃,19℃,德州,东南风 2级
晴,2019年9月1日,31℃,19℃,德州,东南风 1级
多云,2019年9月2日,31℃,20℃,德州,东北风 1级
晴,2019年9月3日,32℃,19℃,德州,东北风 1级
多云,2019年9月4日,29℃,18℃,德州,东北风 3级
晴,2019年9月5日,31℃,19℃,德州,东北风 1级
晴,2019年9月6日,31℃,19℃,德州,北风 微风
晴,2019年9月7日,32℃,21℃,德州,北风 微风
晴,2019年9月8日,33℃,22℃,德州,东南风 1级
晴,2019年9月9日,33℃,23℃,德州,东北风 1级
阴,2019年9月10日,27℃,21℃,德州,东南风 3级
阴,2019年9月11日,22℃,19℃,德州,东北风 1级
阴,2019年9月12日,19℃,19℃,德州,西北风 1级
多云,2019年9月14日,28℃,20℃,德州,东北风 1级
阴,2019年9月13日,25℃,19℃,德州,西北风 1级
多云,2019年9月15日,26℃,15℃,德州,西南风 1级
晴,2019年9月16日,27℃,17℃,德州,东南风 1级
多云,2019年9月17日,25℃,17℃,德州,西北风 2级
晴,2019年9月18日,24℃,13℃,德州,东南风 1级
多云,2019年9月19日,23℃,16℃,德州,东南风 1级
多云,2019年9月20日,22℃,16℃,德州,东南风 1级
多云,2019年9月21日,27℃,16℃,德州,东南风 2级
雾,2019年9月22日,27℃,15℃,德州,东南风 1级
晴,2019年9月23日,30℃,15℃,德州,东北风 1级
晴,2019年9月24日,32℃,17℃,德州,东北风 微风
雾,2019年9月25日,30℃,15℃,德州,东北风 1级
多云,2019年9月26日,30℃,16℃,德州,东南风 1级
晴,2019年9月27日,29℃,17℃,德州,东北风 1级
晴,2019年9月28日,30℃,20℃,德州,东南风 1级
晴,2019年9月29日,31℃,21℃,德州,东南风 2级
晴,2019年9月30日,30℃,20℃,德州,东南风 1级
晴,,26℃,17℃,德州,南风 1级
晴,2019年10月1日,30℃,16℃,德州,东北风 2级
晴,2019年10月2日,31℃,17℃,德州,东南风 1级
晴,2019年10月3日,32℃,17℃,德州,东北风 1级
阴,2019年10月4日,19℃,11℃,德州,西南风 2级
多云,2019年10月5日,19℃,9℃,德州,东南风 2级
阴,2019年10月6日,15℃,8℃,德州,西南风 1级
晴,2019年10月7日,19℃,12℃,德州,西南风 3级
晴,2019年10月8日,23℃,12℃,德州,东南风 1级
多云,2019年10月9日,23℃,15℃,德州,西北风 1级
小雨,2019年10月10日,18℃,12℃,德州,东北风 2级
阴,2019年10月11日,22℃,12℃,德州,东北风 2级
多云,2019年10月12日,22℃,11℃,德州,东南风 2级
多云,2019年10月13日,21℃,9℃,德州,东南风 5级
多云,2019年10月14日,15℃,4℃,德州,南风 微风
晴,2019年10月15日,17℃,8℃,德州,东北风 1级
小雨,2019年10月16日,14℃,10℃,德州,西北风 微风
阴,2019年10月17日,16℃,10℃,德州,东北风 1级
多云,2019年10月18日,19℃,11℃,德州,东北风 1级
多云,2019年10月19日,22℃,13℃,德州,东南风 1级
阴,2019年10月20日,22℃,11℃,德州,西北风 1级
多云,2019年10月21日,24℃,10℃,德州,东南风 1级
阴,2019年10月22日,24℃,13℃,德州,西北风 2级
多云,2019年10月23日,24℃,13℃,德州,西北风 2级
多云,2019年10月24日,22℃,7℃,德州,西北风 3级
阴,2019年10月25日,14℃,3℃,德州,西北风 1级
阴,2019年10月26日,17℃,7℃,德州,东南风 3级
晴,2019年10月27日,21℃,12℃,德州,东南风 2级
晴,2019年10月28日,19℃,4℃,德州,东北风 1级
晴,2019年10月29日,21℃,10℃,德州,东北风 1级
晴,2019年10月30日,24℃,9℃,德州,东南风 1级
晴,2019年10月31日,25℃,9℃,德州,南风 微风
阴,2019年11月1日,22℃,11℃,德州,东北风 2级
小雨,2019年11月2日,19℃,12℃,德州,东北风 1级
阴,2019年11月3日,13℃,4℃,德州,东南风 2级
晴,2019年11月4日,17℃,6℃,德州,东北风 1级
晴,2019年11月5日,19℃,7℃,德州,东南风 1级
阴,2019年11月6日,18℃,9℃,德州,东北风 微风
阴,2019年11月7日,13℃,5℃,德州,东南风 1级
晴,2019年11月8日,16℃,7℃,德州,东北风 1级
多云,2019年11月9日,18℃,9℃,德州,东南风 3级
多云,2019年11月10日,18℃,6℃,德州,南风 微风
晴,2019年11月11日,19℃,10℃,德州,东南风 2级
晴,2019年11月12日,21℃,10℃,德州,东南风 1级
多云,2019年11月13日,13℃,1℃,德州,东南风 1级
晴,2019年11月14日,18℃,4℃,德州,西北风 1级
晴,2019年11月15日,15℃,5℃,德州,东北风 3级
多云,2019年11月16日,13℃,9℃,德州,西北风 1级
多云,2019年11月17日,11℃,-2℃,德州,西北风 4级
晴,2019年11月18日,5℃,-3℃,德州,东南风 1级
晴,2019年11月19日,9℃,1℃,德州,东南风 2级
多云,2019年11月20日,12℃,7℃,德州,东南风 2级
多云,2019年11月21日,14℃,5℃,德州,东北风 1级
多云,2019年11月22日,15℃,7℃,德州,东北风 1级
阴,2019年11月23日,14℃,8℃,德州,西北风 2级
阴,2019年11月24日,9℃,-4℃,德州,东南风 2级
晴,2019年11月25日,5℃,-4℃,德州,东南风 1级
晴,2019年11月26日,7℃,-2℃,德州,南风 微风
多云,2019年11月27日,7℃,-4℃,德州,东北风 4级
晴,2019年11月28日,5℃,-3℃,德州,东北风 2级
多云,2019年11月29日,6℃,2℃,德州,西南风 1级
多云,2019年11月30日,6℃,-1℃,德州,西北风 微风
阴,,31℃,14℃,德州,北风 3级
多云,2019年12月1日,7℃,-4℃,德州,西北风 1级
晴,2019年12月2日,5℃,-3℃,德州,西南风 1级
晴,2019年12月3日,11℃,-3℃,德州,西南风 2级
晴,2019年12月4日,11℃,-3℃,德州,东南风 1级
多云,2019年12月5日,4℃,-4℃,德州,东北风 2级
晴,2019年12月6日,3℃,-3℃,德州,东南风 2级
雾,2019年12月7日,0℃,-2℃,德州,东南风 1级
雾,2019年12月8日,2℃,-2℃,德州,西北风 2级
雾,2019年12月9日,2℃,-2℃,德州,东南风 1级
雾,2019年12月10日,3℃,-4℃,德州,东南风 2级
小雨,2019年12月11日,9℃,-5℃,德州,东南风 2级
晴,2019年12月12日,8℃,0℃,德州,东南风 1级
晴,2019年12月13日,9℃,-3℃,德州,东北风 1级
阴,2019年12月14日,6℃,0℃,德州,东南风 1级
小雨,2019年12月15日,5℃,1℃,德州,东北风 2级
雨夹雪,2019年12月16日,3℃,-1℃,德州,西北风 3级
雾,2019年12月17日,5℃,-3℃,德州,东北风 2级
多云,2019年12月18日,4℃,-3℃,德州,东南风 1级
多云,2019年12月19日,3℃,-5℃,德州,东北风 2级
晴,2019年12月20日,3℃,-3℃,德州,东南风 2级
雾,2019年12月21日,2℃,-2℃,德州,北风 微风
雾,2019年12月22日,0℃,-2℃,德州,东北风 1级
雾,2019年12月23日,4℃,-3℃,德州,东南风 2级
多云,2019年12月24日,1℃,0℃,德州,西北风 1级
小雪,2019年12月25日,2℃,-4℃,德州,西北风 2级
多云,2019年12月26日,5℃,-3℃,德州,西北风 3级
晴,2019年12月27日,8℃,-1℃,德州,东南风 2级
晴,2019年12月28日,9℃,3℃,德州,西南风 4级
晴,2019年12月29日,11℃,-3℃,德州,西北风 2级
晴,2019年12月30日,-2℃,-13℃,德州,东北偏北风 4级
少云,2019年12月31日,-2℃,-7℃,德州,东南偏南风 2级
晴,2020年1月1日,4℃,-6℃,德州,西南风 1级
晴,2020年1月2日,6℃,-7℃,德州,西北偏北风 1级
少云,2020年1月3日,7℃,-6℃,德州,西南风 1级
少云,2020年1月4日,8℃,-1℃,德州,东北偏北风 2级
阵雨,2020年1月5日,4℃,-1℃,德州,东北偏东风 2级
阴,2020年1月6日,31℃,14℃,德州,北风 3级
晴,2020年1月7日,26℃,17℃,德州,南风 1级
小雪,2020年1月8日,3℃,-5℃,德州,
多云,2020年1月9日,1℃,-7℃,德州,东北风 1级
雾,2020年1月10日,0℃,-6℃,德州,西北风 2级
雾,2020年1月11日,1℃,-8℃,德州,西北风 1级
多云,2020年1月12日,1℃,-8℃,德州,西南风 1级
雾,2020年1月13日,0℃,-10℃,德州,东北风 1级
雾,2020年1月14日,1℃,-9℃,德州,西南风 1级
雾,2020年1月15日,2℃,-8℃,德州,北风 微风
阴,2020年1月16日,1℃,-6℃,德州,西北风 2级
雾,2020年1月17日,0℃,-6℃,德州,西南风 1级
雾,2020年1月18日,1℃,-7℃,德州,东南风 1级
雾,2020年1月19日,4℃,-6℃,德州,东南风 2级
多云,2020年1月20日,4℃,-5℃,德州,东北风 1级
阴,2020年1月21日,5℃,-4℃,德州,北风 微风
雨夹雪,2020年1月22日,4℃,-4℃,德州,北风 微风
雾,2020年1月23日,1℃,-3℃,德州,东北风 1级
阴,2020年1月24日,5℃,-5℃,德州,东北风 1级
阴,2020年1月25日,6℃,-4℃,德州,东北风 1级
阴,2020年1月26日,3℃,-3℃,德州,东北风 1级
阴,2020年1月27日,6℃,-3℃,德州,东北风 2级
阴,2020年1月28日,6℃,-5℃,德州,东南风 1级
雾,2020年1月29日,4℃,-5℃,德州,西南风 1级
雨夹雪,2020年1月30日,6℃,-5℃,德州,西南风 1级
晴,2020年1月31日,10℃,-1℃,德州,东北风 1级
阴,2020年2月1日,6℃,-1℃,德州,东北风 2级
雨夹雪,2020年2月2日,5℃,-7℃,德州,东北风 2级
雾,2020年2月3日,6℃,-2℃,德州,东南风 2级
多云,2020年2月4日,2℃,-7℃,德州,东北风 2级
多云,2020年2月5日,0℃,-4℃,德州,东北风 3级
小雪,2020年2月6日,0℃,-2℃,德州,北风 微风
阴,2020年2月7日,1℃,-4℃,德州,西南风 1级
雾,2020年2月8日,5℃,-2℃,德州,东北风 1级
阴,2020年2月9日,13℃,-2℃,德州,东南风 2级
晴,2020年2月10日,15℃,3℃,德州,东南风 1级
阴,2020年2月11日,16℃,3℃,德州,西南风 1级
晴,2020年2月12日,16℃,6℃,德州,东南风 2级
多云,2020年2月13日,18℃,6℃,德州,东北风 1级
中雨,2020年2月14日,8℃,-4℃,德州,东北风 4级
阴,2020年2月15日,1℃,-8℃,德州,西南风 1级
晴,2020年2月16日,5℃,-7℃,德州,东北风 3级
晴,2020年2月17日,8℃,-3℃,德州,西南风 2级
多云,2020年2月18日,13℃,-1℃,德州,西南风 2级
多云,2020年2月19日,13℃,-2℃,德州,西北风 1级
雾,2020年2月20日,8℃,2℃,德州,西北风 2级
雾,2020年2月21日,13℃,-2℃,德州,西北风 2级
晴,2020年2月22日,11℃,1℃,德州,西南风 1级
晴,2020年2月23日,18℃,4℃,德州,东南风 2级
小雨,2020年2月24日,11℃,2℃,德州,东北风 3级
小雨,2020年2月25日,11℃,2℃,德州,东北风 3级
多云,2020年2月26日,8℃,1℃,德州,东北风 3级
阴,2020年2月27日,5℃,1℃,德州,东南风 1级
雾,2020年2月28日,5℃,0℃,德州,西南风 2级
多云,2020年2月29日,7℃,3℃,德州,东南风 1级
阴,,31℃,14℃,德州,北风 3级
雾,2020年3月1日,11℃,-2℃,德州,东南风 微风
阴,,31℃,14℃,德州,北风 3级
阴,2020年3月2日,12℃,1℃,德州,西南风 3级
晴,2020年3月3日,10℃,-3℃,德州,东北风 2级
多云,2020年3月4日,7℃,-4℃,德州,东南风 1级
晴,2020年3月5日,12℃,3℃,德州,东南风 2级
多云,2020年3月6日,16℃,4℃,德州,西南风 2级
雾,2020年3月7日,15℃,2℃,德州,东南风 2级
雾,2020年3月8日,15℃,5℃,德州,东北风 1级
小雨,2020年3月9日,7℃,-2℃,德州,东北风 3级
多云,2020年3月10日,13℃,0℃,德州,东南风 2级
晴,2020年3月11日,18℃,7℃,德州,西南风 3级
多云,2020年3月12日,16℃,2℃,德州,东北风 4级
阴,2020年3月13日,11℃,1℃,德州,西南风 1级
晴,2020年3月14日,17℃,3℃,德州,西北风 2级
晴,2020年3月15日,20℃,2℃,德州,东南风 3级
多云,2020年3月16日,17℃,4℃,德州,西南风 3级
雾,2020年3月17日,22℃,9℃,德州,西南风 2级
晴,2020年3月18日,27℃,4℃,德州,西北风 3级
晴,2020年3月19日,17℃,10℃,德州,东南风 2级
晴,2020年3月20日,24℃,8℃,德州,东南风 2级
阴,2020年3月21日,20℃,2℃,德州,东北风 2级
晴,2020年3月22日,20℃,6℃,德州,东南风 2级
晴,2020年3月23日,22℃,10℃,德州,东南风 2级
阴,2020年3月24日,20℃,11℃,德州,东南风 1级
小雨,2020年3月26日,13℃,3℃,德州,东北风 1级
多云,2020年3月25日,22℃,9℃,德州,西南风 1级
阴,2020年3月27日,13℃,1℃,德州,西南风 1级
多云,2020年3月28日,14℃,3℃,德州,西南风 2级
阴,2020年3月29日,31℃,14℃,德州,北风 3级
阴,2020年3月30日,31℃,14℃,德州,北风 3级
阴,2020年3月31日,15℃,7℃,德州,东北风 1级
阴,2020年4月1日,13℃,7℃,德州,东南风 1级
多云,2020年4月2日,16℃,4℃,德州,西南风 2级
晴,2020年4月3日,21℃,5℃,德州,西南风 1级
多云,2020年4月4日,17℃,2℃,德州,东南风 3级
阴,2020年4月5日,19℃,8℃,德州,东南风 1级
多云,2020年4月6日,22℃,10℃,德州,西南风 2级
阴,2020年4月7日,19℃,5℃,德州,东北风 3级
中雨,2020年4月9日,6℃,3℃,德州,东北风 2级
多云,2020年4月8日,16℃,5℃,德州,东南风 2级
阴,2020年4月10日,12℃,4℃,德州,北风 微风
晴,2020年4月11日,20℃,6℃,德州,东南风 1级
晴,2020年4月12日,20℃,4℃,德州,东南风 2级
晴,2020年4月13日,23℃,11℃,德州,东南风 2级
阴,2020年4月14日,24℃,11℃,德州,东南风 2级
晴,2020年4月15日,24℃,12℃,德州,西南风 2级
阴,2020年4月16日,21℃,10℃,德州,北风 微风
晴,2020年4月17日,20℃,7℃,德州,东南风 1级
阴,2020年4月18日,20℃,10℃,德州,北风 微风
小雨,2020年4月19日,19℃,10℃,德州,西南风 3级
多云,2020年4月20日,21℃,3℃,德州,东北风 2级
晴,2020年4月21日,16℃,2℃,德州,东南风 2级
晴,2020年4月22日,16℃,3℃,德州,西北风 1级
晴,2020年4月23日,17℃,6℃,德州,西南风 1级
晴,2020年4月24日,25℃,12℃,德州,西南风 3级
晴,2020年4月25日,21℃,7℃,德州,东南风 3级
多云,2020年4月26日,21℃,7℃,德州,东南风 1级
晴,2020年4月27日,24℃,13℃,德州,西南风 1级
晴,2020年4月28日,26℃,16℃,德州,南风 2级
晴,2020年4月29日,28℃,17℃,德州,东南风 2级
晴,2020年4月30日,33℃,20℃,德州,东南风 2级
阴,,31℃,14℃,德州,北风 3级
晴,2020年5月1日,31℃,19℃,德州,南风 2级
晴,2020年5月2日,31℃,18℃,德州,东南风 1级
晴,2020年5月3日,32℃,11℃,德州,东北风 3级
阴,2020年5月4日,16℃,10℃,德州,东北风 1级
晴,2020年5月5日,24℃,9℃,德州,北风 1级
多云,2020年5月6日,26℃,15℃,德州,东风 2级
小雨,2020年5月7日,19℃,14℃,德州,东北风 1级
小雨,2020年5月8日,14℃,9℃,德州,东北风 3级
小雨,2020年5月9日,17℃,11℃,德州,西南风 2级
雾,2020年5月10日,26℃,13℃,德州,东北风 2级
晴,2020年5月12日,24℃,16℃,德州,南风 1级
小雨,2020年5月11日,24℃,12℃,德州,西南风 3级
多云,2020年5月13日,29℃,20℃,德州,南风 2级
阴,2020年5月14日,25℃,14℃,德州,东南风 1级
多云,2020年5月15日,26℃,16℃,德州,东风 2级
晴,2020年5月16日,26℃,17℃,德州,南风 1级
阴,2020年5月17日,31℃,14℃,德州,北风 3级
晴,2020年5月18日,22℃,12℃,德州,西南风 2级
晴,2020年5月19日,27℃,14℃,德州,南风 1级
晴,2020年5月20日,31℃,18℃,德州,东南风 1级
晴,2020年5月21日,32℃,16℃,德州,东南风 3级
晴,2020年5月22日,32℃,20℃,德州,东南风 2级
阴,2020年5月23日,26℃,15℃,德州,东北风 1级
阴,2020年5月25日,31℃,14℃,德州,北风 3级
阴,2020年5月26日,31℃,14℃,德州,北风 3级
,,,,德州,
多云,2019年1月1日,2℃,-8℃,聊城,北风 微风
多云,2019年1月2日,3℃,-8℃,聊城,东南风 1级
多云,2019年1月3日,5℃,-5℃,聊城,东南风 2级
多云,2019年1月4日,3℃,-5℃,聊城,东北风 3级
多云,2019年1月5日,3℃,-8℃,聊城,东南风 1级
晴,2019年1月6日,4℃,-7℃,聊城,东南风 1级
多云,2019年1月7日,4℃,-5℃,聊城,北风 微风
晴,2019年1月8日,2℃,-5℃,聊城,东北风 2级
阴,2019年1月9日,0℃,-5℃,聊城,东南风 2级
多云,2019年1月10日,2℃,-4℃,聊城,东南风 2级
多云,2019年1月11日,2℃,-5℃,聊城,西南风 1级
多云,2019年1月12日,5℃,-5℃,聊城,东南风 1级
雾,2019年1月13日,0℃,-5℃,聊城,东南风 2级
雾,2019年1月14日,3℃,-4℃,聊城,南风 微风
晴,2019年1月15日,0℃,-8℃,聊城,东北风 2级
晴,2019年1月16日,3℃,-7℃,聊城,西南风 1级
晴,2019年1月17日,7℃,-5℃,聊城,东南风 1级
阴,2019年1月18日,6℃,-1℃,聊城,东北风 1级
阴,2019年1月19日,4℃,-6℃,聊城,东北风 4级
多云,2019年1月20日,6℃,-6℃,聊城,西南风 1级
晴,2019年1月21日,7℃,-6℃,聊城,东南风 1级
晴,2019年1月22日,12℃,-6℃,聊城,东南风 1级
晴,2019年1月23日,14℃,-5℃,聊城,东北风 2级
晴,2019年1月24日,12℃,-1℃,聊城,东北风 1级
阴,2019年1月25日,6℃,-8℃,聊城,东北风 3级
晴,2019年1月26日,7℃,-4℃,聊城,西南风 1级
多云,2019年1月27日,7℃,-4℃,聊城,北风 微风
阴,2019年1月29日,9℃,-1℃,聊城,西南风 2级
阴,2019年1月28日,8℃,-1℃,聊城,东南风 2级
雨夹雪,2019年1月30日,5℃,-3℃,聊城,东北风 5级
阴,2019年1月31日,2℃,-6℃,聊城,东南风 1级
阴,2019年2月1日,8℃,-1℃,聊城,东南风 3级
多云,2019年2月2日,6℃,0℃,聊城,南风 微风
阴,2019年2月3日,8℃,-4℃,聊城,南风 微风
阴,2019年2月4日,13℃,-1℃,聊城,东南风 4级
多云,2019年2月5日,11℃,-3℃,聊城,西北风 2级
多云,2019年2月6日,1℃,-4℃,聊城,东北风 4级
阴,2019年2月7日,0℃,-5℃,聊城,东北风 4级
阴,2019年2月8日,-2℃,-5℃,聊城,西南风 2级
阴,2019年2月9日,0℃,-4℃,聊城,东北风 2级
阴,2019年2月10日,0℃,-4℃,聊城,西南风 3级
多云,2019年2月11日,6℃,-4℃,聊城,东南风 2级
阴,2019年2月12日,4℃,-3℃,聊城,北风 2级
阴,2019年2月13日,0℃,-2℃,聊城,东北风 3级
阴,2019年2月14日,-1℃,-6℃,聊城,西北风 2级
多云,2019年2月15日,0℃,-7℃,聊城,西北风 1级
多云,2019年2月16日,3℃,-6℃,聊城,西南风 微风
多云,2019年2月17日,6℃,-3℃,聊城,南风 微风
阴,2019年2月18日,3℃,-5℃,聊城,东南风 1级
雾,2019年2月19日,2℃,-5℃,聊城,南风 微风
雾,2019年2月20日,2℃,-4℃,聊城,西北风 2级
雾,2019年2月21日,6℃,-2℃,聊城,北风 微风
阴,2019年2月22日,11℃,-4℃,聊城,西北风 1级
晴,2019年2月23日,13℃,-1℃,聊城,南风 微风
多云,2019年2月24日,13℃,0℃,聊城,西南风 2级
多云,2019年2月25日,14℃,0℃,聊城,东南风 3级
阴,2019年2月26日,8℃,0℃,聊城,北风 微风
阴,2019年2月27日,12℃,1℃,聊城,东北风 1级
多云,2019年2月28日,14℃,2℃,聊城,东南风 2级
阴,,31℃,16℃,聊城,南风 1级
阴,,31℃,16℃,聊城,南风 1级
阴,,31℃,16℃,聊城,南风 1级
多云,2019年3月1日,13℃,4℃,聊城,南风 微风
阴,2019年3月2日,14℃,4℃,聊城,西南风 1级
阴,2019年3月3日,14℃,2℃,聊城,东南风 1级
多云,2019年3月4日,16℃,2℃,聊城,东南风 2级
阴,2019年3月5日,17℃,2℃,聊城,东北风 1级
晴,2019年3月6日,14℃,-3℃,聊城,东北风 4级
晴,2019年3月7日,12℃,0℃,聊城,东南风 1级
阴,2019年3月8日,14℃,4℃,聊城,东南风 2级
多云,2019年3月9日,15℃,2℃,聊城,东南风 1级
多云,2019年3月10日,17℃,2℃,聊城,西南风 2级
多云,2019年3月11日,17℃,4℃,聊城,东北风 1级
晴,2019年3月12日,12℃,-2℃,聊城,东南风 1级
晴,2019年3月13日,16℃,2℃,聊城,东南风 1级
晴,2019年3月14日,18℃,2℃,聊城,东北风 1级
晴,2019年3月15日,18℃,4℃,聊城,东南风 3级
晴,2019年3月16日,23℃,5℃,聊城,东北风 2级
晴,2019年3月17日,21℃,11℃,聊城,东南风 3级
阴,2019年3月18日,22℃,10℃,聊城,东南风 1级
阴,2019年3月19日,23℃,12℃,聊城,东南风 4级
阴,2019年3月20日,21℃,8℃,聊城,西南风 1级
多云,2019年3月21日,12℃,1℃,聊城,东北风 2级
晴,2019年3月22日,15℃,3℃,聊城,东南风 2级
晴,2019年3月23日,12℃,2℃,聊城,东南风 微风
晴,2019年3月24日,19℃,6℃,聊城,东南风 2级
晴,2019年3月25日,22℃,6℃,聊城,西南风 1级
多云,2019年3月26日,25℃,13℃,聊城,西南风 3级
阴,2019年3月27日,25℃,7℃,聊城,东北风 3级
阴,2019年3月28日,11℃,3℃,聊城,东北风 2级
多云,2019年3月29日,15℃,3℃,聊城,南风 微风
晴,2019年3月30日,13℃,-1℃,聊城,东南风 1级
晴,2019年3月31日,16℃,5℃,聊城,西南风 1级
晴,2019年4月1日,17℃,6℃,聊城,西南风 1级
晴,2019年4月2日,19℃,3℃,聊城,东北风 3级
晴,2019年4月3日,20℃,9℃,聊城,东南风 1级
晴,2019年4月4日,23℃,10℃,聊城,西南风 2级
晴,2019年4月5日,24℃,11℃,聊城,东南风 3级
多云,2019年4月6日,18℃,8℃,聊城,东北风 3级
多云,2019年4月7日,21℃,11℃,聊城,东北风 微风
阴,2019年4月8日,15℃,4℃,聊城,东北风 5级
阴,2019年4月9日,6℃,2℃,聊城,西北风 2级
多云,2019年4月10日,13℃,6℃,聊城,东南风 1级
阴,2019年4月11日,16℃,4℃,聊城,北风 微风
多云,2019年4月12日,16℃,11℃,聊城,西南风 3级
晴,2019年4月14日,21℃,8℃,聊城,西南风 1级
阴,2019年4月13日,20℃,8℃,聊城,北风 1级
晴,2019年4月15日,22℃,12℃,聊城,东南风 2级
阴,2019年4月16日,23℃,13℃,聊城,东南风 2级
晴,2019年4月17日,25℃,16℃,聊城,东北风 2级
扬沙,2019年4月18日,25℃,12℃,聊城,东北风 5级
阴,2019年4月19日,15℃,9℃,聊城,西北风 1级
阴,2019年4月20日,23℃,11℃,聊城,东北风 3级
阴,2019年4月21日,20℃,12℃,聊城,东北风 2级
阴,2019年4月22日,23℃,16℃,聊城,东南风 2级
阴,2019年4月23日,22℃,15℃,聊城,东南风 1级
多云,2019年4月24日,25℃,7℃,聊城,东北风 3级
阴,2019年4月25日,11℃,8℃,聊城,东北风 2级
多云,2019年4月26日,17℃,8℃,聊城,东北风 2级
多云,2019年4月27日,13℃,5℃,聊城,东南风 2级
阴,2019年4月28日,18℃,5℃,聊城,南风 微风
多云,2019年4月29日,20℃,12℃,聊城,东南风 1级
阴,2019年4月30日,24℃,10℃,聊城,东北风 2级
阴,,31℃,16℃,聊城,南风 1级
晴,2019年5月1日,26℃,9℃,聊城,南风 微风
晴,2019年5月2日,26℃,13℃,聊城,西南风 微风
多云,2019年5月3日,26℃,16℃,聊城,东南风 2级
阴,2019年5月4日,22℃,13℃,聊城,东南风 1级
阴,2019年5月5日,23℃,9℃,聊城,东北风 3级
阴,2019年5月6日,22℃,8℃,聊城,北风 微风
多云,2019年5月7日,22℃,16℃,聊城,东南风 1级
阴,2019年5月8日,20℃,11℃,聊城,南风 微风
晴,2019年5月9日,26℃,16℃,聊城,东北风 1级
阴,2019年5月10日,27℃,14℃,聊城,东南风 2级
多云,2019年5月11日,28℃,17℃,聊城,东南风 1级
阴,2019年5月12日,30℃,12℃,聊城,东北风 2级
阴,2019年5月13日,22℃,14℃,聊城,东南风 1级
晴,2019年5月14日,25℃,18℃,聊城,东北风 2级
阴,2019年5月15日,27℃,18℃,聊城,东北风 2级
多云,2019年5月16日,28℃,20℃,聊城,东南风 2级
多云,2019年5月17日,30℃,17℃,聊城,东南风 3级
阴,2019年5月18日,25℃,18℃,聊城,西南风 2级
多云,2019年5月19日,28℃,13℃,聊城,东北风 5级
晴,2019年5月20日,26℃,11℃,聊城,东北风 微风
晴,2019年5月21日,31℃,16℃,聊城,东南风 1级
晴,2019年5月22日,34℃,21℃,聊城,东北风 1级
晴,2019年5月23日,38℃,24℃,聊城,西南风 1级
多云,2019年5月24日,30℃,23℃,聊城,东南风 2级
晴,2019年5月25日,33℃,22℃,聊城,东南风 3级
中雨,2019年5月26日,32℃,22℃,聊城,西南风 1级
多云,2019年5月27日,26℃,18℃,聊城,北风 微风
阴,2019年5月28日,29℃,17℃,聊城,东南风 1级
晴,2019年5月29日,30℃,20℃,聊城,西北风 1级
阴,2019年5月30日,26℃,18℃,聊城,东南风 1级
晴,2019年5月31日,30℃,21℃,聊城,东南风 1级
阴,2019年6月1日,32℃,21℃,聊城,东北风 1级
多云,2019年6月2日,36℃,24℃,聊城,东南风 2级
阴,2019年6月4日,38℃,23℃,聊城,东南风 1级
多云,2019年6月3日,37℃,22℃,聊城,东北风 1级
阴,2019年6月5日,31℃,19℃,聊城,东北风 3级
阴,2019年6月6日,28℃,17℃,聊城,东北风 2级
多云,2019年6月7日,31℃,23℃,聊城,东南风 1级
阴,2019年6月8日,34℃,20℃,聊城,东南风 1级
晴,2019年6月9日,31℃,17℃,聊城,东北风 2级
晴,2019年6月10日,32℃,19℃,聊城,北风 微风
晴,2019年6月11日,34℃,23℃,聊城,东南风 1级
晴,2019年6月12日,36℃,22℃,聊城,东南风 2级
多云,2019年6月13日,34℃,23℃,聊城,东南风 2级
晴,2019年6月14日,35℃,23℃,聊城,东南风 微风
阴,2019年6月15日,36℃,25℃,聊城,南风 微风
多云,2019年6月16日,34℃,21℃,聊城,西北风 1级
多云,2019年6月17日,36℃,25℃,聊城,南风 微风
多云,2019年6月18日,35℃,25℃,聊城,东南风 1级
多云,2019年6月19日,35℃,27℃,聊城,东南风 1级
阴,2019年6月20日,33℃,23℃,聊城,东南风 1级
多云,2019年6月21日,33℃,22℃,聊城,东北风 4级
多云,2019年6月22日,34℃,22℃,聊城,东南风 1级
晴,2019年6月23日,35℃,24℃,聊城,东南风 1级
多云,2019年6月24日,35℃,23℃,聊城,东北风 1级
多云,2019年6月25日,33℃,23℃,聊城,东南风 2级
多云,2019年6月26日,34℃,23℃,聊城,南风 微风
多云,2019年6月27日,35℃,25℃,聊城,东南风 1级
多云,2019年6月29日,34℃,25℃,聊城,东南风 1级
中雨,2019年6月28日,22℃,20℃,聊城,北风 微风
晴,2019年6月30日,32℃,19℃,聊城,东北风 3级
阴,,31℃,16℃,聊城,南风 1级
晴,2019年7月1日,36℃,23℃,聊城,东北风 1级
晴,2019年7月2日,37℃,25℃,聊城,东南风 1级
晴,2019年7月3日,37℃,25℃,聊城,西北风 微风
阴,2019年7月4日,33℃,25℃,聊城,东南风 2级
晴,2019年7月5日,37℃,23℃,聊城,西南风 3级
小雨,2019年7月6日,27℃,20℃,聊城,东北风 2级
多云,2019年7月7日,29℃,20℃,聊城,东北风 3级
阴,2019年7月8日,31℃,22℃,聊城,东北风 3级
阴,2019年7月9日,28℃,20℃,聊城,东南风 1级
中雨,2019年7月10日,29℃,20℃,聊城,东南风 1级
多云,2019年7月11日,29℃,21℃,聊城,北风 微风
暴雨,2019年7月12日,32℃,21℃,聊城,东南风 2级
小雨,2019年7月13日,33℃,22℃,聊城,南风 微风
多云,2019年7月14日,35℃,25℃,聊城,东北风 微风
阴,2019年7月15日,36℃,26℃,聊城,东北风 2级
阴,2019年7月16日,34℃,26℃,聊城,东南风 1级
小雨,2019年7月17日,33℃,23℃,聊城,东南风 1级
晴,2019年7月18日,34℃,23℃,聊城,东南风 2级
阴,2019年7月19日,35℃,25℃,聊城,东北风 2级
多云,2019年7月20日,34℃,26℃,聊城,西北风 1级
多云,2019年7月21日,37℃,27℃,聊城,东南风 微风
多云,2019年7月23日,36℃,25℃,聊城,东北风 1级
阴,2019年7月22日,35℃,25℃,聊城,东南风 1级
晴,2019年7月24日,37℃,28℃,聊城,南风 微风
阴,2019年7月25日,34℃,27℃,聊城,东南风 1级
晴,2019年7月26日,37℃,27℃,聊城,东南风 1级
阴,2019年7月27日,35℃,26℃,聊城,东北风 1级
阴,2019年7月28日,35℃,27℃,聊城,东南风 2级
多云,2019年7月29日,36℃,24℃,聊城,东南风 1级
小雨,2019年7月30日,31℃,24℃,聊城,东南风 2级
阴,2019年7月31日,32℃,25℃,聊城,东南风 1级
阴,2019年8月1日,33℃,23℃,聊城,西南风 2级
大雨,2019年8月2日,28℃,22℃,聊城,东北风 1级
多云,2019年8月3日,32℃,24℃,聊城,东北风 2级
阴,2019年8月4日,32℃,24℃,聊城,南风 微风
多云,2019年8月5日,33℃,25℃,聊城,东南风 1级
阴,2019年8月6日,32℃,24℃,聊城,东北风 2级
中雨,2019年8月7日,30℃,23℃,聊城,东南风 2级
多云,2019年8月8日,32℃,25℃,聊城,北风 微风
阴,2019年8月9日,33℃,24℃,聊城,南风 微风
小雨,2019年8月10日,27℃,23℃,聊城,东北风 2级
中雨,2019年8月11日,23℃,22℃,聊城,西北风 4级
大雨,2019年8月12日,26℃,20℃,聊城,东北风 3级
多云,2019年8月13日,29℃,21℃,聊城,东北风 2级
多云,2019年8月14日,33℃,21℃,聊城,北风 微风
多云,2019年8月15日,33℃,24℃,聊城,西南风 2级
多云,2019年8月16日,29℃,19℃,聊城,东北风 2级
晴,2019年8月17日,31℃,17℃,聊城,北风 微风
晴,2019年8月18日,32℃,20℃,聊城,南风 微风
阴,2019年8月19日,31℃,20℃,聊城,东南风 1级
阴,2019年8月20日,29℃,23℃,聊城,西南风 2级
小雨,2019年8月21日,31℃,21℃,聊城,东北风 1级
多云,2019年8月22日,31℃,21℃,聊城,北风 微风
晴,2019年8月23日,32℃,21℃,聊城,北风 微风
阴,2019年8月24日,31℃,20℃,聊城,东北风 2级
小雨,2019年8月25日,25℃,21℃,聊城,东南风 1级
阴,2019年8月26日,26℃,21℃,聊城,西北风 1级
多云,2019年8月27日,30℃,20℃,聊城,西南风 微风
晴,2019年8月28日,34℃,18℃,聊城,西南风 1级
晴,2019年8月29日,30℃,17℃,聊城,西南风 1级
晴,2019年8月30日,30℃,16℃,聊城,北风 微风
晴,2019年8月31日,31℃,17℃,聊城,南风 微风
多云,2019年9月1日,30℃,19℃,聊城,东南风 微风
多云,2019年9月2日,31℃,18℃,聊城,南风 微风
多云,2019年9月3日,31℃,17℃,聊城,西南风 微风
多云,2019年9月4日,30℃,19℃,聊城,西南风 1级
多云,2019年9月5日,30℃,19℃,聊城,南风 微风
晴,2019年9月6日,31℃,18℃,聊城,东北风 1级
晴,2019年9月7日,32℃,20℃,聊城,北风 微风
晴,2019年9月8日,33℃,20℃,聊城,东北风 微风
晴,2019年9月9日,33℃,21℃,聊城,东南风 微风
阴,2019年9月10日,28℃,22℃,聊城,东北风 3级
阴,2019年9月11日,21℃,19℃,聊城,西北风 1级
阴,2019年9月12日,21℃,20℃,聊城,西北风 1级
阴,2019年9月13日,23℃,18℃,聊城,东北风 2级
多云,2019年9月14日,25℃,18℃,聊城,北风 微风
多云,2019年9月15日,23℃,16℃,聊城,东南风 微风
雾,2019年9月16日,26℃,17℃,聊城,东北风 2级
多云,2019年9月17日,25℃,14℃,聊城,南风 微风
晴,2019年9月18日,26℃,13℃,聊城,东北风 微风
阴,2019年9月19日,21℃,16℃,聊城,东北风 1级
多云,2019年9月20日,21℃,15℃,聊城,南风 微风
多云,2019年9月21日,27℃,14℃,聊城,东南风 1级
晴,2019年9月22日,27℃,13℃,聊城,北风 微风
晴,2019年9月23日,29℃,14℃,聊城,南风 微风
晴,2019年9月24日,31℃,15℃,聊城,南风 微风
阴,2019年9月25日,31℃,15℃,聊城,南风 微风
多云,2019年9月26日,30℃,16℃,聊城,北风 微风
多云,2019年9月27日,29℃,17℃,聊城,东南风 微风
晴,2019年9月28日,30℃,17℃,聊城,东南风 1级
晴,2019年9月29日,30℃,18℃,聊城,东南风 1级
晴,2019年9月30日,30℃,18℃,聊城,东北风 1级
阴,,31℃,16℃,聊城,南风 1级
晴,2019年10月1日,30℃,17℃,聊城,南风 微风
晴,2019年10月2日,30℃,16℃,聊城,北风 微风
多云,2019年10月3日,31℃,21℃,聊城,南风 微风
阴,2019年10月4日,21℃,11℃,聊城,东北风 4级
晴,2019年10月5日,19℃,10℃,聊城,东北风 2级
阴,2019年10月6日,13℃,7℃,聊城,东南风 1级
晴,2019年10月7日,21℃,10℃,聊城,西南风 1级
晴,2019年10月8日,22℃,12℃,聊城,北风 微风
阴,2019年10月9日,19℃,12℃,聊城,东南风 1级
小雨,2019年10月10日,17℃,13℃,聊城,北风 微风
阴,2019年10月11日,20℃,14℃,聊城,西北风 1级
晴,2019年10月12日,23℃,11℃,聊城,南风 微风
晴,2019年10月13日,23℃,12℃,聊城,东北风 4级
小雨,2019年10月14日,16℃,4℃,聊城,东北风 2级
晴,2019年10月15日,16℃,8℃,聊城,南风 微风
阴,2019年10月16日,13℃,9℃,聊城,东南风 1级
多云,2019年10月17日,18℃,9℃,聊城,南风 微风
晴,2019年10月18日,20℃,10℃,聊城,西南风 微风
多云,2019年10月19日,22℃,14℃,聊城,东南风 1级
阴,2019年10月20日,23℃,12℃,聊城,西北风 1级
晴,2019年10月21日,24℃,11℃,聊城,东北风 1级
多云,2019年10月22日,22℃,12℃,聊城,东南风 2级
多云,2019年10月23日,22℃,12℃,聊城,南风 微风
阴,2019年10月25日,16℃,3℃,聊城,东北风 1级
阴,2019年10月24日,22℃,8℃,聊城,西北风 2级
阴,2019年10月26日,17℃,6℃,聊城,东南风 1级
多云,2019年10月27日,20℃,10℃,聊城,东南风 1级
扬沙,2019年10月28日,20℃,4℃,聊城,东北风 2级
晴,2019年10月29日,21℃,8℃,聊城,东南风 1级
多云,2019年10月30日,23℃,8℃,聊城,西北风 微风
晴,2019年10月31日,25℃,8℃,聊城,北风 微风
阴,2019年11月1日,22℃,11℃,聊城,北风 微风
阴,2019年11月2日,22℃,13℃,聊城,东北风 1级
多云,2019年11月3日,16℃,6℃,聊城,东北风 3级
多云,2019年11月4日,17℃,5℃,聊城,西北风 1级
晴,2019年11月5日,19℃,7℃,聊城,东北风 1级
阴,2019年11月6日,18℃,8℃,聊城,南风 微风
雾,2019年11月7日,13℃,4℃,聊城,东北风 1级
晴,2019年11月8日,16℃,7℃,聊城,东南风 微风
多云,2019年11月9日,19℃,9℃,聊城,东南风 1级
晴,2019年11月10日,18℃,4℃,聊城,南风 微风
晴,2019年11月11日,20℃,10℃,聊城,南风 微风
多云,2019年11月12日,22℃,10℃,聊城,东南风 微风
晴,2019年11月13日,14℃,1℃,聊城,东北风 1级
晴,2019年11月14日,19℃,2℃,聊城,东南风 1级
晴,2019年11月15日,16℃,4℃,聊城,南风 微风
雾,2019年11月16日,11℃,9℃,聊城,东北风 2级
阴,2019年11月17日,11℃,-2℃,聊城,西北风 3级
多云,2019年11月18日,6℃,-1℃,聊城,东南风 2级
晴,2019年11月19日,11℃,1℃,聊城,南风 微风
多云,2019年11月20日,13℃,6℃,聊城,东南风 1级
阴,2019年11月21日,13℃,5℃,聊城,东南风 1级
晴,2019年11月22日,15℃,9℃,聊城,东南风 1级
阴,2019年11月23日,13℃,8℃,聊城,西北风 1级
阴,2019年11月24日,10℃,-3℃,聊城,东北风 5级
晴,2019年11月25日,5℃,-4℃,聊城,南风 微风
多云,2019年11月26日,6℃,-3℃,聊城,东北风 1级
阴,2019年11月27日,7℃,-4℃,聊城,东北风 3级
晴,2019年11月28日,6℃,-3℃,聊城,东南风 1级
多云,2019年11月29日,6℃,2℃,聊城,南风 微风
阴,2019年11月30日,8℃,0℃,聊城,东北风 3级
阴,,31℃,16℃,聊城,南风 1级
阴,2019年12月1日,8℃,-4℃,聊城,西南风 1级
晴,2019年12月2日,6℃,-4℃,聊城,东南风 1级
晴,2019年12月3日,10℃,-4℃,聊城,西北风 微风
晴,2019年12月4日,11℃,-4℃,聊城,东南风 1级
晴,2019年12月5日,7℃,-4℃,聊城,东北风 3级
晴,2019年12月6日,3℃,-4℃,聊城,西南风 2级
小雪,2019年12月7日,2℃,-2℃,聊城,西北风 2级
雾,2019年12月8日,6℃,-3℃,聊城,东北风 微风
雾,2019年12月9日,1℃,-2℃,聊城,东南风 1级
雾,2019年12月10日,7℃,-4℃,聊城,东南风 1级
雾,2019年12月11日,10℃,-5℃,聊城,东北风 2级
晴,2019年12月12日,8℃,3℃,聊城,东南风 2级
多云,2019年12月13日,11℃,-3℃,聊城,东北风 3级
阴,2019年12月14日,6℃,2℃,聊城,东南风 1级
小雨,2019年12月15日,5℃,3℃,聊城,东北风 2级
雨夹雪,2019年12月16日,3℃,-1℃,聊城,西北风 1级
阴,2019年12月17日,4℃,-4℃,聊城,东北风 2级
多云,2019年12月18日,4℃,-2℃,聊城,西南风 1级
晴,2019年12月19日,6℃,-4℃,聊城,东北风 3级
多云,2019年12月20日,2℃,-2℃,聊城,东南风 1级
雨夹雪,2019年12月21日,6℃,0℃,聊城,西北风 3级
雾,2019年12月22日,1℃,-1℃,聊城,东北风 1级
多云,2019年12月23日,4℃,-1℃,聊城,东北风 3级
阴,2019年12月24日,4℃,1℃,聊城,东南风 1级
雨夹雪,2019年12月25日,4℃,-3℃,聊城,西北风 2级
多云,2019年12月26日,4℃,-3℃,聊城,西南风 1级
晴,2019年12月27日,8℃,-2℃,聊城,东南风 2级
多云,2019年12月28日,9℃,2℃,聊城,东南风 3级
多云,2019年12月29日,11℃,-2℃,聊城,东南风 1级
晴,2019年12月30日,1℃,-12℃,聊城,东北偏北风 4级
少云,2019年12月31日,-1℃,-6℃,聊城,西南偏南风 2级
晴,2020年1月1日,4℃,-4℃,聊城,东南风 2级
少云,2020年1月2日,7℃,-4℃,聊城,西北偏西风 1级
局部多云,2020年1月3日,8℃,-3℃,聊城,西风 1级
局部多云,2020年1月4日,10℃,2℃,聊城,东南偏东风 2级
雨,2020年1月5日,5℃,1℃,聊城,东风 2级
阴,2020年1月6日,31℃,16℃,聊城,南风 1级
阴,2020年1月7日,31℃,16℃,聊城,南风 1级
小雪,2020年1月8日,4℃,-3℃,聊城,
雾,2020年1月9日,3℃,-4℃,聊城,北风 微风
雾,2020年1月10日,3℃,-3℃,聊城,西北风 微风
雾,2020年1月11日,1℃,-6℃,聊城,西北风 1级
多云,2020年1月12日,2℃,-5℃,聊城,东北风 1级
雾,2020年1月13日,0℃,-8℃,聊城,西北风 2级
雾,2020年1月14日,1℃,-6℃,聊城,东北风 2级
多云,2020年1月15日,2℃,-3℃,聊城,东北风 2级
阴,2020年1月16日,1℃,-6℃,聊城,西南风 1级
雾,2020年1月17日,0℃,-4℃,聊城,东南风 1级
雾,2020年1月19日,6℃,-5℃,聊城,东南风 1级
阴,2020年1月18日,4℃,-4℃,聊城,西南风 2级
多云,2020年1月20日,7℃,-3℃,聊城,东北风 2级
阴,2020年1月21日,6℃,-2℃,聊城,东南风 1级
雾,2020年1月22日,8℃,-2℃,聊城,西南风 微风
雾,2020年1月23日,7℃,-1℃,聊城,西北风 1级
阴,2020年1月24日,6℃,-3℃,聊城,东北风 2级
多云,2020年1月25日,7℃,-2℃,聊城,西北风 1级
阴,2020年1月26日,3℃,-1℃,聊城,西北风 1级
阴,2020年1月27日,7℃,-4℃,聊城,东北风 2级
阴,2020年1月28日,8℃,-3℃,聊城,东北风 1级
多云,2020年1月29日,6℃,-5℃,聊城,北风 微风
多云,2020年1月30日,7℃,-2℃,聊城,北风 微风
晴,2020年1月31日,12℃,-2℃,聊城,东北风 1级
多云,2020年2月1日,10℃,-1℃,聊城,东北风 3级
阴,2020年2月2日,9℃,-5℃,聊城,东北风 2级
晴,2020年2月3日,8℃,-3℃,聊城,东南风 1级
多云,2020年2月4日,5℃,-4℃,聊城,东北风 3级
多云,2020年2月5日,0℃,-2℃,聊城,东北风 2级
小雪,2020年2月6日,1℃,-2℃,聊城,东南风 1级
多云,2020年2月7日,4℃,-2℃,聊城,东北风 微风
雾,2020年2月8日,9℃,-1℃,聊城,北风 微风
雨夹雪,2020年2月9日,15℃,-3℃,聊城,东南风 1级
晴,2020年2月10日,15℃,1℃,聊城,东南风 1级
阴,2020年2月11日,16℃,4℃,聊城,东南风 2级
雾,2020年2月12日,15℃,6℃,聊城,东南风 1级
多云,2020年2月13日,19℃,11℃,聊城,东南风 1级
小雨,2020年2月14日,11℃,-2℃,聊城,西北风 3级
阴,2020年2月15日,2℃,-7℃,聊城,西北风 1级
晴,2020年2月16日,6℃,-5℃,聊城,西北风 1级
晴,2020年2月17日,8℃,-3℃,聊城,东南风 1级
多云,2020年2月18日,15℃,1℃,聊城,东南风 2级
阴,2020年2月19日,14℃,-1℃,聊城,东南风 1级
阴,2020年2月20日,12℃,4℃,聊城,西北风 2级
雾,2020年2月21日,14℃,0℃,聊城,西北风 3级
晴,2020年2月22日,12℃,1℃,聊城,东南风 1级
晴,2020年2月23日,18℃,7℃,聊城,东南风 2级
小雨,2020年2月24日,11℃,5℃,聊城,西北风 2级
小雨,2020年2月25日,11℃,5℃,聊城,西北风 2级
阴,2020年2月26日,6℃,2℃,聊城,东北风 3级
阴,2020年2月27日,6℃,1℃,聊城,东南风 1级
阴,2020年2月28日,6℃,1℃,聊城,东南风 2级
晴,2020年2月29日,7℃,4℃,聊城,东南风 1级
晴,,28℃,18℃,聊城,东南风 1级
阴,,31℃,16℃,聊城,南风 1级
阴,2020年3月1日,11℃,0℃,聊城,北风 微风
阴,2020年3月2日,12℃,1℃,聊城,东南风 3级
多云,2020年3月3日,11℃,-2℃,聊城,东北风 1级
晴,2020年3月4日,8℃,-2℃,聊城,东南风 1级
晴,2020年3月5日,12℃,4℃,聊城,东南风 2级
多云,2020年3月6日,15℃,5℃,聊城,东南风 2级
雾,2020年3月7日,16℃,4℃,聊城,东南风 1级
阴,2020年3月8日,15℃,4℃,聊城,东北风 微风
小雨,2020年3月9日,7℃,-1℃,聊城,东北风 3级
多云,2020年3月10日,14℃,2℃,聊城,北风 微风
晴,2020年3月11日,19℃,7℃,聊城,东南风 2级
多云,2020年3月12日,21℃,4℃,聊城,东北风 3级
多云,2020年3月13日,13℃,2℃,聊城,北风 微风
晴,2020年3月14日,17℃,3℃,聊城,西南风 1级
晴,2020年3月15日,21℃,6℃,聊城,东南风 2级
阴,2020年3月16日,16℃,4℃,聊城,东南风 2级
雾,2020年3月17日,23℃,8℃,聊城,北风 微风
晴,2020年3月18日,26℃,8℃,聊城,西南风 1级
晴,2020年3月19日,18℃,11℃,聊城,东南风 1级
晴,2020年3月20日,24℃,9℃,聊城,东南风 2级
多云,2020年3月21日,22℃,6℃,聊城,东北风 2级
晴,2020年3月22日,20℃,8℃,聊城,北风 微风
晴,2020年3月23日,22℃,10℃,聊城,东南风 1级
多云,2020年3月24日,22℃,12℃,聊城,东南风 1级
阴,2020年3月25日,21℃,12℃,聊城,东南风 1级
小雨,2020年3月26日,14℃,6℃,聊城,西北风 2级
阴,2020年3月27日,12℃,1℃,聊城,东北风 1级
多云,2020年3月28日,15℃,5℃,聊城,东南风 2级
阴,2020年3月29日,31℃,16℃,聊城,南风 1级
阴,2020年3月30日,31℃,16℃,聊城,南风 1级
阴,2020年3月31日,14℃,4℃,聊城,北风 微风
阴,2020年4月1日,12℃,6℃,聊城,西北风 1级
小雨,2020年4月2日,13℃,2℃,聊城,西南风 1级
晴,2020年4月3日,20℃,4℃,聊城,北风 微风
多云,2020年4月4日,19℃,5℃,聊城,东北风 3级
多云,2020年4月5日,18℃,7℃,聊城,东南风 1级
多云,2020年4月6日,18℃,7℃,聊城,东南风 1级
晴,2020年4月7日,23℃,7℃,聊城,东北风 2级
多云,2020年4月8日,18℃,7℃,聊城,北风 微风
小雨,2020年4月9日,8℃,7℃,聊城,东北风 2级
中雨,2020年4月10日,7℃,4℃,聊城,西北风 1级
晴,2020年4月11日,18℃,6℃,聊城,西北风 1级
晴,2020年4月12日,20℃,4℃,聊城,西南风 1级
晴,2020年4月13日,24℃,10℃,聊城,东南风 1级
阴,2020年4月14日,23℃,12℃,聊城,东南风 2级
晴,2020年4月15日,23℃,13℃,聊城,东南风 2级
多云,2020年4月16日,22℃,10℃,聊城,东北风 1级
晴,2020年4月17日,21℃,9℃,聊城,东北风 1级
多云,2020年4月18日,21℃,11℃,聊城,东北风 2级
小雨,2020年4月19日,19℃,12℃,聊城,东南风 2级
多云,2020年4月20日,21℃,7℃,聊城,北风 微风
晴,2020年4月21日,19℃,3℃,聊城,东北风 2级
晴,2020年4月22日,16℃,2℃,聊城,东南风 1级
晴,2020年4月23日,18℃,7℃,聊城,北风 微风
晴,2020年4月24日,24℃,11℃,聊城,东南风 1级
晴,2020年4月25日,21℃,8℃,聊城,东北风 1级
晴,2020年4月26日,22℃,8℃,聊城,东南风 2级
晴,2020年4月27日,23℃,13℃,聊城,东南风 1级
晴,2020年4月28日,25℃,14℃,聊城,东南风 1级
晴,2020年4月29日,28℃,17℃,聊城,东南风 1级
晴,2020年4月30日,32℃,20℃,聊城,东南风 1级
阴,,31℃,16℃,聊城,南风 1级
多云,2020年5月1日,31℃,19℃,聊城,东南风 2级
晴,2020年5月2日,31℃,20℃,聊城,东南风 1级
晴,2020年5月3日,33℃,16℃,聊城,东北风 3级
阴,2020年5月4日,17℃,11℃,聊城,东北风 3级
多云,2020年5月5日,23℃,12℃,聊城,西北风 1级
晴,2020年5月6日,27℃,16℃,聊城,北风 微风
小雨,2020年5月7日,20℃,16℃,聊城,东北风 1级
小雨,2020年5月8日,16℃,11℃,聊城,北风 2级
小雨,2020年5月9日,17℃,12℃,聊城,西南风 1级
雾,2020年5月10日,27℃,15℃,聊城,东南风 1级
小雨,2020年5月11日,25℃,14℃,聊城,东南风 2级
晴,2020年5月12日,24℃,16℃,聊城,东南风 1级
多云,2020年5月13日,31℃,19℃,聊城,南风 1级
阴,2020年5月14日,24℃,16℃,聊城,东南风 1级
雾,2020年5月15日,28℃,19℃,聊城,东南风 1级
阴,2020年5月16日,31℃,16℃,聊城,南风 1级
阴,2020年5月17日,31℃,16℃,聊城,南风 1级
晴,2020年5月18日,23℃,13℃,聊城,北风 微风
晴,2020年5月19日,29℃,15℃,聊城,东南风 1级
晴,2020年5月20日,31℃,19℃,聊城,东南风 1级
晴,2020年5月21日,32℃,18℃,聊城,东南风 2级
晴,2020年5月22日,32℃,21℃,聊城,东南风 1级
阴,2020年5月23日,26℃,15℃,聊城,东南风 1级
阴,2020年5月24日,29℃,19℃,聊城,北风 微风
阴,2020年5月25日,31℃,16℃,聊城,南风 1级
阴,2020年5月26日,31℃,16℃,聊城,南风 1级
,,,,聊城,
多云,2019年1月1日,3℃,-5℃,菏泽,南风 微风
多云,2019年1月2日,4℃,-4℃,菏泽,东南风 2级
多云,2019年1月3日,5℃,-2℃,菏泽,东南风 3级
阴,2019年1月4日,3℃,-3℃,菏泽,东北风 3级
多云,2019年1月5日,2℃,-4℃,菏泽,西南风 1级
多云,2019年1月6日,3℃,-3℃,菏泽,东南风 2级
雾,2019年1月7日,3℃,-3℃,菏泽,西北风 1级
雾,2019年1月8日,4℃,-2℃,菏泽,东北风 3级
雨夹雪,2019年1月9日,0℃,-3℃,菏泽,东南风 2级
多云,2019年1月10日,2℃,-2℃,菏泽,西南风 2级
多云,2019年1月11日,3℃,-2℃,菏泽,东南风 1级
雾,2019年1月12日,1℃,0℃,菏泽,东南风 3级
雾,2019年1月13日,0℃,-1℃,菏泽,东南风 2级
雾,2019年1月14日,2℃,-2℃,菏泽,西南风 2级
多云,2019年1月15日,0℃,-6℃,菏泽,东北风 2级
晴,2019年1月16日,2℃,-4℃,菏泽,东南风 2级
晴,2019年1月17日,7℃,-2℃,菏泽,东南风 2级
阴,2019年1月18日,8℃,1℃,菏泽,东南风 2级
阴,2019年1月19日,5℃,-3℃,菏泽,西北风 2级
多云,2019年1月20日,6℃,-3℃,菏泽,西南风 1级
晴,2019年1月21日,7℃,-5℃,菏泽,西南风 1级
晴,2019年1月22日,11℃,-3℃,菏泽,东南风 2级
多云,2019年1月23日,13℃,-1℃,菏泽,东南风 1级
多云,2019年1月24日,13℃,0℃,菏泽,东北风 2级
阴,2019年1月25日,6℃,-5℃,菏泽,东北风 2级
多云,2019年1月26日,6℃,-2℃,菏泽,东南风 2级
多云,2019年1月27日,8℃,0℃,菏泽,东南风 1级
阴,2019年1月28日,9℃,0℃,菏泽,东南风 1级
多云,2019年1月29日,7℃,1℃,菏泽,东南风 2级
小雨,2019年1月30日,5℃,-2℃,菏泽,北风 2级
多云,2019年1月31日,4℃,-4℃,菏泽,西南风 3级
晴,2019年2月1日,7℃,0℃,菏泽,西南风 4级
阴,2019年2月2日,6℃,0℃,菏泽,西南风 2级
阴,2019年2月3日,9℃,-1℃,菏泽,东南风 2级
多云,2019年2月4日,13℃,1℃,菏泽,西南风 4级
多云,2019年2月5日,12℃,0℃,菏泽,东南风 4级
扬沙,2019年2月6日,1℃,-2℃,菏泽,东北风 4级
阴,2019年2月7日,0℃,-3℃,菏泽,东北风 3级
阴,2019年2月8日,-3℃,-4℃,菏泽,东南风 1级
多云,2019年2月9日,1℃,-4℃,菏泽,北风 3级
阴,2019年2月10日,0℃,-3℃,菏泽,西南风 3级
阴,2019年2月11日,6℃,-4℃,菏泽,东南风 3级
阴,2019年2月12日,4℃,0℃,菏泽,西北风 2级
阴,2019年2月13日,1℃,0℃,菏泽,东北风 4级
雨夹雪,2019年2月14日,-2℃,-5℃,菏泽,东南风 2级
阴,2019年2月15日,3℃,-4℃,菏泽,西北风 3级
多云,2019年2月16日,3℃,-4℃,菏泽,西北风 2级
阴,2019年2月17日,5℃,-1℃,菏泽,东南风 1级
阴,2019年2月18日,3℃,-3℃,菏泽,东北风 1级
多云,2019年2月19日,5℃,-1℃,菏泽,东南风 1级
雾,2019年2月20日,9℃,-3℃,菏泽,东北风 2级
雾,2019年2月21日,6℃,0℃,菏泽,西南风 1级
雾,2019年2月22日,11℃,-2℃,菏泽,东北风 微风
晴,2019年2月23日,13℃,-1℃,菏泽,西北风 2级
多云,2019年2月24日,12℃,0℃,菏泽,东南风 1级
多云,2019年2月25日,15℃,2℃,菏泽,西南风 3级
阴,2019年2月26日,8℃,2℃,菏泽,东北风 3级
多云,2019年2月27日,12℃,3℃,菏泽,东南风 2级
阴,,31℃,18℃,菏泽,西南风 3级
阴,,31℃,18℃,菏泽,西南风 3级
多云,2019年2月28日,13℃,2℃,菏泽,东南风 3级
阴,,31℃,18℃,菏泽,西南风 3级
多云,2019年3月1日,13℃,5℃,菏泽,东南风 1级
阴,2019年3月2日,12℃,4℃,菏泽,西南风 4级
阴,2019年3月3日,12℃,2℃,菏泽,东南风 3级
阴,2019年3月4日,15℃,2℃,菏泽,东南风 3级
阴,2019年3月5日,17℃,5℃,菏泽,北风 微风
晴,2019年3月6日,15℃,0℃,菏泽,东北风 4级
晴,2019年3月7日,12℃,2℃,菏泽,东南风 2级
阴,2019年3月8日,13℃,3℃,菏泽,东南风 3级
多云,2019年3月9日,14℃,5℃,菏泽,东南风 1级
多云,2019年3月10日,17℃,6℃,菏泽,西南风 4级
晴,2019年3月11日,17℃,5℃,菏泽,东南风 2级
晴,2019年3月12日,12℃,1℃,菏泽,东北风 1级
晴,2019年3月13日,17℃,5℃,菏泽,西南风 3级
晴,2019年3月14日,20℃,6℃,菏泽,东北风 2级
晴,2019年3月15日,20℃,7℃,菏泽,西南风 3级
晴,2019年3月16日,23℃,7℃,菏泽,东南风 1级
晴,2019年3月17日,20℃,11℃,菏泽,东南风 4级
多云,2019年3月18日,22℃,11℃,菏泽,西南风 4级
多云,2019年3月19日,22℃,13℃,菏泽,东南风 4级
阴,2019年3月20日,19℃,9℃,菏泽,东南风 1级
多云,2019年3月21日,12℃,3℃,菏泽,东北风 3级
多云,2019年3月22日,13℃,4℃,菏泽,西南风 3级
多云,2019年3月23日,12℃,3℃,菏泽,东北风 1级
阴,2019年3月24日,18℃,8℃,菏泽,东南风 3级
晴,2019年3月25日,23℃,9℃,菏泽,西南风 3级
晴,2019年3月26日,24℃,13℃,菏泽,西南风 3级
多云,2019年3月27日,26℃,11℃,菏泽,西南风 1级
阴,2019年3月28日,13℃,8℃,菏泽,西北风 2级
多云,2019年3月29日,14℃,6℃,菏泽,东北风 2级
晴,2019年3月30日,14℃,2℃,菏泽,东南风 3级
晴,2019年3月31日,16℃,7℃,菏泽,东南风 2级
晴,2019年4月1日,19℃,9℃,菏泽,东北风 2级
阴,2019年4月2日,19℃,9℃,菏泽,东北风 2级
多云,2019年4月3日,20℃,10℃,菏泽,东南风 3级
阴,2019年4月4日,22℃,12℃,菏泽,南风 3级
晴,2019年4月5日,25℃,16℃,菏泽,西南风 3级
晴,2019年4月6日,19℃,10℃,菏泽,西北风 3级
晴,2019年4月7日,24℃,14℃,菏泽,东南风 2级
阴,2019年4月8日,18℃,6℃,菏泽,东北风 5级
阴,2019年4月9日,6℃,3℃,菏泽,西北风 3级
多云,2019年4月10日,13℃,6℃,菏泽,东南风 2级
多云,2019年4月12日,17℃,11℃,菏泽,东南风 2级
多云,2019年4月11日,18℃,5℃,菏泽,东北风 1级
阴,2019年4月13日,22℃,12℃,菏泽,北风 微风
多云,2019年4月14日,20℃,8℃,菏泽,西南风 1级
多云,2019年4月15日,21℃,12℃,菏泽,西南风 4级
晴,2019年4月16日,25℃,13℃,菏泽,东南风 2级
晴,2019年4月17日,27℃,18℃,菏泽,东南风 4级
晴,2019年4月18日,27℃,11℃,菏泽,北风 3级
阴,2019年4月19日,16℃,10℃,菏泽,西北风 2级
多云,2019年4月20日,22℃,13℃,菏泽,东风 2级
阴,2019年4月21日,17℃,15℃,菏泽,西北风 1级
阴,2019年4月22日,19℃,15℃,菏泽,东南风 2级
阴,2019年4月23日,23℃,16℃,菏泽,东南风 2级
多云,2019年4月24日,26℃,10℃,菏泽,东南风 3级
阴,2019年4月25日,14℃,8℃,菏泽,东北风 3级
多云,2019年4月26日,16℃,8℃,菏泽,东北风 3级
阴,2019年4月27日,13℃,8℃,菏泽,东北风 3级
多云,2019年4月28日,17℃,10℃,菏泽,东南风 2级
多云,2019年4月29日,21℃,12℃,菏泽,东南风 2级
阴,2019年4月30日,25℃,11℃,菏泽,东北风 3级
阴,,31℃,18℃,菏泽,西南风 3级
多云,2019年5月1日,26℃,12℃,菏泽,东南风 1级
晴,2019年5月2日,27℃,13℃,菏泽,西南风 3级
多云,2019年5月3日,27℃,16℃,菏泽,东南风 3级
阴,2019年5月4日,19℃,13℃,菏泽,东南风 2级
阴,2019年5月6日,22℃,11℃,菏泽,西北风 1级
阴,2019年5月5日,26℃,13℃,菏泽,东北风 5级
多云,2019年5月7日,23℃,15℃,菏泽,西风 2级
阴,2019年5月8日,19℃,12℃,菏泽,东南风 2级
多云,2019年5月9日,25℃,14℃,菏泽,东南风 2级
多云,2019年5月10日,29℃,16℃,菏泽,西北风 4级
阴,2019年5月11日,29℃,16℃,菏泽,西南风 2级
阴,2019年5月12日,31℃,15℃,菏泽,东南风 2级
阴,2019年5月13日,23℃,13℃,菏泽,西南风 1级
阴,2019年5月14日,26℃,19℃,菏泽,东南风 3级
多云,2019年5月15日,25℃,18℃,菏泽,西南风 2级
多云,2019年5月16日,28℃,20℃,菏泽,东南风 2级
多云,2019年5月17日,30℃,18℃,菏泽,东南风 3级
阴,2019年5月18日,23℃,17℃,菏泽,东南风 3级
晴,2019年5月19日,29℃,15℃,菏泽,东北风 3级
晴,2019年5月20日,26℃,14℃,菏泽,南风 2级
晴,2019年5月21日,31℃,17℃,菏泽,南风 2级
晴,2019年5月22日,36℃,22℃,菏泽,西南风 1级
晴,2019年5月23日,38℃,22℃,菏泽,西南风 4级
阴,2019年5月24日,31℃,23℃,菏泽,东南风 2级
晴,2019年5月25日,34℃,22℃,菏泽,东南风 4级
阴,2019年5月26日,32℃,18℃,菏泽,东南风 2级
多云,2019年5月27日,25℃,17℃,菏泽,东北风 1级
阴,2019年5月28日,27℃,16℃,菏泽,西南风 3级
晴,2019年5月29日,29℃,18℃,菏泽,东南风 2级
多云,2019年5月30日,29℃,17℃,菏泽,东南风 4级
多云,2019年5月31日,30℃,22℃,菏泽,西南风 3级
多云,2019年6月1日,32℃,23℃,菏泽,东南风 4级
晴,2019年6月2日,37℃,25℃,菏泽,东南风 5级
多云,2019年6月3日,36℃,24℃,菏泽,西南风 微风
晴,2019年6月4日,37℃,26℃,菏泽,东南风 2级
阴,2019年6月5日,34℃,21℃,菏泽,西北风 6级
阴,2019年6月6日,27℃,18℃,菏泽,西北风 微风
晴,2019年6月7日,31℃,23℃,菏泽,东南风 1级
多云,2019年6月8日,34℃,24℃,菏泽,西南风 2级
晴,2019年6月9日,33℃,18℃,菏泽,东北风 3级
晴,2019年6月10日,33℃,20℃,菏泽,东南风 1级
晴,2019年6月11日,35℃,23℃,菏泽,西南风 2级
多云,2019年6月12日,35℃,24℃,菏泽,西南风 2级
多云,2019年6月13日,34℃,22℃,菏泽,东南风 3级
晴,2019年6月14日,35℃,24℃,菏泽,东南风 2级
阴,2019年6月15日,36℃,27℃,菏泽,西南风 2级
阴,2019年6月16日,35℃,24℃,菏泽,东南风 2级
多云,2019年6月17日,35℃,23℃,菏泽,西南风 3级
多云,2019年6月18日,35℃,24℃,菏泽,东南风 3级
阴,2019年6月19日,34℃,26℃,菏泽,东南风 2级
阴,2019年6月20日,31℃,22℃,菏泽,西南风 3级
多云,2019年6月21日,32℃,25℃,菏泽,西南风 1级
多云,2019年6月22日,33℃,21℃,菏泽,东北风 2级
多云,2019年6月23日,35℃,23℃,菏泽,东南风 微风
多云,2019年6月24日,34℃,24℃,菏泽,东南风 2级
阴,2019年6月25日,31℃,22℃,菏泽,东南风 2级
多云,2019年6月26日,34℃,24℃,菏泽,东南风 3级
多云,2019年6月27日,34℃,26℃,菏泽,东南风 2级
大雨,2019年6月28日,23℃,21℃,菏泽,东南风 1级
晴,2019年6月29日,33℃,25℃,菏泽,东南风 2级
晴,2019年6月30日,34℃,21℃,菏泽,北风 2级
阴,,31℃,18℃,菏泽,西南风 3级
多云,2019年7月1日,36℃,22℃,菏泽,南风 微风
多云,2019年7月2日,36℃,25℃,菏泽,东南风 3级
多云,2019年7月3日,37℃,26℃,菏泽,东南风 2级
阴,2019年7月4日,33℃,24℃,菏泽,西南风 3级
晴,2019年7月5日,36℃,26℃,菏泽,西南风 3级
晴,2019年7月6日,30℃,22℃,菏泽,东北风 3级
多云,2019年7月7日,30℃,21℃,菏泽,东北风 3级
阴,2019年7月8日,28℃,22℃,菏泽,东北风 2级
小雨,2019年7月9日,29℃,21℃,菏泽,西北风 3级
阴,2019年7月10日,30℃,21℃,菏泽,东北风 2级
多云,2019年7月11日,32℃,23℃,菏泽,东南风 1级
阴,2019年7月12日,33℃,22℃,菏泽,东南风 1级
多云,2019年7月13日,33℃,24℃,菏泽,东南风 2级
晴,2019年7月14日,34℃,26℃,菏泽,西南风 1级
多云,2019年7月15日,35℃,26℃,菏泽,西南风 2级
阴,2019年7月16日,32℃,26℃,菏泽,东北风 2级
阴,2019年7月17日,32℃,23℃,菏泽,东南风 2级
晴,2019年7月18日,33℃,24℃,菏泽,西北风 2级
晴,2019年7月19日,33℃,26℃,菏泽,东南风 1级
多云,2019年7月20日,35℃,28℃,菏泽,东北风 2级
多云,2019年7月21日,35℃,28℃,菏泽,东南风 2级
阴,2019年7月22日,36℃,28℃,菏泽,东南风 3级
多云,2019年7月23日,36℃,28℃,菏泽,东南风 3级
晴,2019年7月24日,37℃,29℃,菏泽,西南风 5级
多云,2019年7月25日,36℃,29℃,菏泽,西南风 4级
多云,2019年7月26日,37℃,26℃,菏泽,西南风 1级
阴,2019年7月27日,36℃,27℃,菏泽,东北风 5级
多云,2019年7月28日,35℃,27℃,菏泽,东南风 3级
多云,2019年7月29日,37℃,26℃,菏泽,东北风 3级
中雨,2019年7月30日,31℃,26℃,菏泽,西南风 1级
阴,2019年7月31日,31℃,25℃,菏泽,东南风 2级
小雨,2019年8月1日,32℃,24℃,菏泽,东南风 3级
大雨,2019年8月2日,28℃,24℃,菏泽,东南风 2级
阴,2019年8月3日,31℃,24℃,菏泽,西北风 2级
阴,2019年8月4日,31℃,25℃,菏泽,东北风 1级
多云,2019年8月5日,32℃,25℃,菏泽,东南风 2级
阴,2019年8月6日,31℃,24℃,菏泽,东北风 2级
阴,2019年8月7日,27℃,24℃,菏泽,东北风 1级
多云,2019年8月8日,31℃,25℃,菏泽,北风 1级
多云,2019年8月9日,33℃,25℃,菏泽,东南风 2级
小雨,2019年8月10日,30℃,23℃,菏泽,西北风 2级
小雨,2019年8月11日,25℃,22℃,菏泽,西北风 5级
小雨,2019年8月12日,29℃,23℃,菏泽,西北风 2级
多云,2019年8月13日,30℃,23℃,菏泽,东北风 2级
多云,2019年8月14日,31℃,22℃,菏泽,西北风 2级
晴,2019年8月15日,32℃,25℃,菏泽,东南风 2级
晴,2019年8月16日,30℃,20℃,菏泽,西北风 1级
晴,2019年8月17日,31℃,20℃,菏泽,东北风 1级
晴,2019年8月18日,31℃,21℃,菏泽,东南风 2级
多云,2019年8月19日,31℃,21℃,菏泽,东南风 2级
阴,2019年8月20日,30℃,22℃,菏泽,东南风 2级
中雨,2019年8月21日,27℃,22℃,菏泽,西北风 1级
晴,2019年8月22日,30℃,21℃,菏泽,西北风 2级
多云,2019年8月23日,31℃,21℃,菏泽,西北风 1级
多云,2019年8月24日,30℃,23℃,菏泽,东北风 3级
阴,2019年8月25日,29℃,22℃,菏泽,东北风 2级
阴,2019年8月26日,31℃,23℃,菏泽,东北风 3级
阴,2019年8月27日,26℃,21℃,菏泽,西南风 1级
晴,2019年8月28日,33℃,20℃,菏泽,东南风 2级
晴,2019年8月29日,30℃,18℃,菏泽,西北风 微风
晴,2019年8月30日,31℃,19℃,菏泽,西北风 2级
晴,2019年8月31日,31℃,20℃,菏泽,东北风 1级
多云,2019年9月1日,30℃,20℃,菏泽,东南风 2级
阴,2019年9月2日,28℃,20℃,菏泽,西北风 1级
多云,2019年9月3日,31℃,18℃,菏泽,东北风 1级
多云,2019年9月4日,30℃,18℃,菏泽,东南风 2级
晴,2019年9月5日,31℃,20℃,菏泽,东南风 2级
晴,2019年9月6日,31℃,20℃,菏泽,西北风 2级
晴,2019年9月7日,32℃,19℃,菏泽,南风 微风
晴,2019年9月8日,33℃,21℃,菏泽,东南风 2级
晴,2019年9月9日,32℃,21℃,菏泽,西南风 1级
多云,2019年9月10日,28℃,22℃,菏泽,西北风 2级
阴,2019年9月11日,21℃,19℃,菏泽,东北风 3级
阴,2019年9月12日,22℃,19℃,菏泽,东北风 2级
阴,2019年9月13日,24℃,19℃,菏泽,西北风 2级
多云,2019年9月14日,27℃,20℃,菏泽,西北风 1级
阴,2019年9月15日,18℃,16℃,菏泽,南风 微风
多云,2019年9月16日,26℃,19℃,菏泽,西北风 2级
阴,2019年9月17日,24℃,14℃,菏泽,西北风 2级
晴,2019年9月18日,28℃,16℃,菏泽,东北风 3级
阴,2019年9月19日,21℃,17℃,菏泽,东南风 1级
阴,2019年9月20日,23℃,16℃,菏泽,东北风 2级
多云,2019年9月21日,28℃,15℃,菏泽,东北风 3级
晴,2019年9月22日,28℃,14℃,菏泽,东北风 2级
晴,2019年9月23日,30℃,16℃,菏泽,西北风 1级
晴,2019年9月24日,32℃,16℃,菏泽,北风 微风
阴,2019年9月25日,31℃,17℃,菏泽,东北风 1级
阴,2019年9月26日,31℃,17℃,菏泽,东南风 2级
多云,2019年9月27日,30℃,17℃,菏泽,东南风 2级
晴,2019年9月28日,30℃,19℃,菏泽,东南风 2级
晴,2019年9月29日,31℃,20℃,菏泽,东南风 2级
多云,2019年9月30日,31℃,18℃,菏泽,东南风 3级
阴,,31℃,18℃,菏泽,西南风 3级
多云,2019年10月1日,30℃,18℃,菏泽,东南风 1级
多云,2019年10月2日,31℃,17℃,菏泽,西北风 1级
晴,2019年10月3日,32℃,23℃,菏泽,东南风 2级
阴,2019年10月4日,22℃,13℃,菏泽,东北风 5级
阴,2019年10月5日,19℃,12℃,菏泽,东北风 2级
阴,2019年10月6日,12℃,9℃,菏泽,东北风 2级
多云,2019年10月7日,20℃,10℃,菏泽,东南风 1级
雾,2019年10月8日,21℃,13℃,菏泽,东北风 微风
多云,2019年10月10日,18℃,15℃,菏泽,西北风 微风
阴,2019年10月9日,18℃,14℃,菏泽,东北风 2级
多云,2019年10月11日,19℃,17℃,菏泽,西北风 3级
小雨,2019年10月12日,19℃,13℃,菏泽,西风 1级
晴,2019年10月13日,24℃,12℃,菏泽,北风 2级
阴,2019年10月14日,16℃,7℃,菏泽,西北风 2级
多云,2019年10月15日,16℃,11℃,菏泽,东北风 2级
阴,2019年10月16日,14℃,8℃,菏泽,东北风 1级
阴,2019年10月17日,17℃,9℃,菏泽,东南风 1级
晴,2019年10月18日,20℃,10℃,菏泽,东南风 1级
晴,2019年10月19日,23℃,14℃,菏泽,东南风 2级
阴,2019年10月20日,24℃,14℃,菏泽,东北风 1级
阴,2019年10月21日,23℃,15℃,菏泽,东北风 微风
阴,2019年10月22日,18℃,15℃,菏泽,东南风 1级
阴,2019年10月23日,22℃,11℃,菏泽,西北风 1级
多云,2019年10月24日,23℃,10℃,菏泽,西北风 1级
阴,2019年10月25日,15℃,5℃,菏泽,西北风 1级
阴,2019年10月26日,17℃,8℃,菏泽,西南风 2级
阴,2019年10月27日,21℃,11℃,菏泽,南风 3级
扬沙,2019年10月28日,22℃,6℃,菏泽,东北风 1级
多云,2019年10月29日,22℃,10℃,菏泽,东南风 2级
晴,2019年10月30日,25℃,9℃,菏泽,东北风 1级
晴,2019年10月31日,25℃,10℃,菏泽,西风 1级
阴,2019年11月1日,20℃,12℃,菏泽,西南风 1级
多云,2019年11月2日,23℃,13℃,菏泽,东南风 1级
阴,2019年11月3日,17℃,8℃,菏泽,东北风 3级
晴,2019年11月4日,18℃,6℃,菏泽,西北风 1级
晴,2019年11月5日,20℃,8℃,菏泽,南风 微风
多云,2019年11月6日,19℃,7℃,菏泽,西南风 1级
多云,2019年11月7日,18℃,7℃,菏泽,西北风 2级
多云,2019年11月8日,17℃,9℃,菏泽,东南风 1级
多云,2019年11月9日,20℃,11℃,菏泽,东南风 2级
多云,2019年11月10日,20℃,7℃,菏泽,西南风 1级
晴,2019年11月11日,21℃,11℃,菏泽,东南风 2级
多云,2019年11月12日,24℃,12℃,菏泽,东南风 1级
多云,2019年11月13日,17℃,5℃,菏泽,西南风 1级
晴,2019年11月14日,20℃,8℃,菏泽,西南风 3级
晴,2019年11月15日,17℃,5℃,菏泽,西北风 1级
多云,2019年11月16日,12℃,7℃,菏泽,西北风 3级
阴,2019年11月17日,12℃,1℃,菏泽,西北风 3级
阴,2019年11月18日,9℃,0℃,菏泽,东南风 2级
晴,2019年11月19日,14℃,3℃,菏泽,东南风 2级
多云,2019年11月20日,14℃,8℃,菏泽,东南风 1级
多云,2019年11月21日,14℃,5℃,菏泽,东南风 2级
雾,2019年11月22日,16℃,11℃,菏泽,东南风 2级
小雨,2019年11月23日,16℃,8℃,菏泽,西北风 2级
阴,2019年11月24日,11℃,1℃,菏泽,东北风 4级
阴,2019年11月25日,6℃,-3℃,菏泽,东南风 1级
阴,2019年11月26日,6℃,5℃,菏泽,东南风 1级
阴,2019年11月27日,5℃,-2℃,菏泽,东北风 4级
晴,2019年11月28日,7℃,0℃,菏泽,东南风 2级
阴,2019年11月29日,5℃,4℃,菏泽,西北风 1级
阴,2019年11月30日,5℃,2℃,菏泽,东南风 1级
阴,,31℃,18℃,菏泽,西南风 3级
阴,2019年12月1日,8℃,-1℃,菏泽,东南风 2级
晴,2019年12月2日,7℃,-3℃,菏泽,东南风 2级
晴,2019年12月3日,12℃,-3℃,菏泽,东南风 1级
晴,2019年12月4日,13℃,-2℃,菏泽,东南风 1级
多云,2019年12月5日,10℃,-3℃,菏泽,东北风 3级
晴,2019年12月6日,5℃,-1℃,菏泽,西南风 3级
雾,2019年12月7日,6℃,1℃,菏泽,西北风 2级
雾,2019年12月8日,9℃,-1℃,菏泽,西南风 3级
雾,2019年12月9日,12℃,1℃,菏泽,东北风 2级
多云,2019年12月10日,14℃,-2℃,菏泽,西北风 2级
多云,2019年12月11日,12℃,-3℃,菏泽,东北风 2级
多云,2019年12月12日,10℃,4℃,菏泽,东南风 3级
多云,2019年12月13日,12℃,1℃,菏泽,东北风 2级
阴,2019年12月14日,7℃,4℃,菏泽,东北风 2级
中雨,2019年12月15日,5℃,4℃,菏泽,西北风 3级
小雨,2019年12月16日,3℃,2℃,菏泽,西北风 2级
阴,2019年12月17日,6℃,-2℃,菏泽,东北风 3级
阴,2019年12月18日,4℃,-2℃,菏泽,东北风 微风
阴,2019年12月19日,8℃,-4℃,菏泽,西北风 2级
多云,2019年12月20日,6℃,0℃,菏泽,东南风 3级
阴,2019年12月21日,8℃,0℃,菏泽,西北风 1级
雾,2019年12月22日,7℃,0℃,菏泽,东北风 3级
雾,2019年12月23日,3℃,1℃,菏泽,西北风 2级
雾,2019年12月24日,5℃,3℃,菏泽,东南风 2级
小雨,2019年12月25日,5℃,-1℃,菏泽,西北风 3级
多云,2019年12月26日,6℃,-2℃,菏泽,西北风 1级
晴,2019年12月27日,10℃,0℃,菏泽,东南风 2级
多云,2019年12月28日,11℃,3℃,菏泽,东南风 4级
多云,2019年12月29日,12℃,0℃,菏泽,南风 微风
晴,2019年12月30日,3℃,-9℃,菏泽,东北偏北风 4级
晴,2019年12月31日,0℃,-5℃,菏泽,东风 2级
多云,2020年1月1日,5℃,-3℃,菏泽,东南风 2级
局部多云,2020年1月2日,8℃,-2℃,菏泽,东南风 1级
局部多云,2020年1月3日,0℃,-3℃,菏泽,
雨,2020年1月4日,3℃,0℃,菏泽,东南偏东风 2级
阵雨,2020年1月5日,2℃,0℃,菏泽,东北偏东风 3级
阴,2020年1月6日,31℃,18℃,菏泽,西南风 3级
阴,2020年1月7日,31℃,18℃,菏泽,西南风 3级
雾,2020年1月9日,3℃,-3℃,菏泽,西北风 1级
小雪,2020年1月8日,5℃,-2℃,菏泽,
多云,2020年1月10日,5℃,-1℃,菏泽,西北风 1级
雾,2020年1月11日,1℃,-5℃,菏泽,西北风 1级
多云,2020年1月12日,3℃,0℃,菏泽,东北风 1级
阴,2020年1月13日,2℃,-6℃,菏泽,西北风 2级
小雪,2020年1月14日,2℃,-5℃,菏泽,东南风 1级
多云,2020年1月15日,2℃,-1℃,菏泽,西北风 2级
阴,2020年1月16日,2℃,-4℃,菏泽,东北风 2级
雾,2020年1月17日,3℃,-4℃,菏泽,西北风 1级
多云,2020年1月18日,6℃,-2℃,菏泽,西南风 3级
雾,2020年1月19日,8℃,-3℃,菏泽,东南风 2级
阴,2020年1月20日,8℃,-1℃,菏泽,东北风 1级
阴,2020年1月21日,6℃,-1℃,菏泽,东南风 2级
雾,2020年1月22日,8℃,-2℃,菏泽,东南风 1级
雾,2020年1月23日,5℃,1℃,菏泽,西北风 1级
雾,2020年1月24日,4℃,1℃,菏泽,西北风 1级
阴,2020年1月25日,7℃,1℃,菏泽,东北风 1级
雨夹雪,2020年1月26日,3℃,-1℃,菏泽,西北风 1级
阴,2020年1月27日,7℃,-4℃,菏泽,西北风 1级
晴,2020年1月28日,8℃,-2℃,菏泽,西北风 1级
多云,2020年1月29日,7℃,-2℃,菏泽,西北风 1级
小雪,2020年1月30日,9℃,-1℃,菏泽,北风 微风
晴,2020年1月31日,12℃,-2℃,菏泽,东南风 2级
阴,2020年2月1日,12℃,-1℃,菏泽,东北风 1级
多云,2020年2月2日,10℃,-2℃,菏泽,东北风 2级
多云,2020年2月3日,9℃,1℃,菏泽,东南风 2级
晴,2020年2月4日,8℃,-1℃,菏泽,东北风 2级
小雪,2020年2月5日,0℃,0℃,菏泽,东北风 3级
雨夹雪,2020年2月6日,0℃,-1℃,菏泽,东北风 2级
多云,2020年2月7日,6℃,-2℃,菏泽,南风 3级
多云,2020年2月8日,9℃,1℃,菏泽,西南风 1级
晴,2020年2月9日,15℃,2℃,菏泽,东南风 2级
多云,2020年2月10日,17℃,4℃,菏泽,东南风 2级
阴,2020年2月11日,16℃,4℃,菏泽,东南风 3级
雾,2020年2月12日,16℃,8℃,菏泽,东南风 2级
多云,2020年2月13日,18℃,9℃,菏泽,东南风 2级
小雨,2020年2月14日,12℃,0℃,菏泽,东北风 4级
中雪,2020年2月15日,2℃,-4℃,菏泽,西南风 1级
晴,2020年2月16日,6℃,-5℃,菏泽,西北风 1级
晴,2020年2月17日,9℃,-1℃,菏泽,东南风 1级
多云,2020年2月18日,14℃,3℃,菏泽,东南风 3级
阴,2020年2月19日,14℃,-1℃,菏泽,东南风 3级
阴,2020年2月20日,15℃,6℃,菏泽,东南风 2级
阴,2020年2月21日,15℃,2℃,菏泽,西南风 1级
晴,2020年2月22日,14℃,4℃,菏泽,东南风 2级
多云,2020年2月23日,19℃,9℃,菏泽,东南风 2级
阴,2020年2月24日,10℃,5℃,菏泽,西北风 2级
阴,2020年2月25日,10℃,5℃,菏泽,西北风 2级
阴,2020年2月26日,7℃,3℃,菏泽,西北风 3级
小雨,2020年2月27日,7℃,3℃,菏泽,东北风 3级
小雪,2020年2月28日,6℃,1℃,菏泽,西南风 2级
多云,2020年2月29日,8℃,5℃,菏泽,东南风 2级
阴,,31℃,18℃,菏泽,西南风 3级
阴,,31℃,18℃,菏泽,西南风 3级
阴,2020年3月1日,11℃,1℃,菏泽,东北风 1级
阴,2020年3月2日,11℃,2℃,菏泽,西南风 3级
阴,2020年3月3日,11℃,-1℃,菏泽,东北风 1级
晴,2020年3月4日,10℃,0℃,菏泽,东北风 2级
晴,2020年3月5日,13℃,5℃,菏泽,东南风 3级
多云,2020年3月6日,16℃,6℃,菏泽,东南风 3级
晴,2020年3月7日,17℃,7℃,菏泽,东南风 1级
阴,2020年3月8日,16℃,8℃,菏泽,东南风 3级
小雨,2020年3月9日,9℃,3℃,菏泽,北风 3级
多云,2020年3月10日,14℃,4℃,菏泽,东南风 2级
晴,2020年3月11日,19℃,9℃,菏泽,西南风 3级
多云,2020年3月12日,21℃,5℃,菏泽,西北风 2级
多云,2020年3月13日,13℃,3℃,菏泽,东南风 3级
晴,2020年3月14日,17℃,6℃,菏泽,西南风 2级
晴,2020年3月15日,20℃,8℃,菏泽,东南风 1级
阴,2020年3月16日,17℃,8℃,菏泽,西南风 3级
晴,2020年3月17日,23℃,10℃,菏泽,东南风 1级
晴,2020年3月18日,26℃,8℃,菏泽,西南风 4级
晴,2020年3月19日,19℃,10℃,菏泽,东南风 3级
晴,2020年3月20日,25℃,14℃,菏泽,西南风 3级
阴,2020年3月21日,27℃,9℃,菏泽,西北风 3级
晴,2020年3月22日,21℃,8℃,菏泽,西南风 1级
晴,2020年3月23日,22℃,11℃,菏泽,东南风 2级
多云,2020年3月24日,22℃,13℃,菏泽,东南风 2级
阴,2020年3月25日,16℃,12℃,菏泽,东南风 3级
小雨,2020年3月26日,15℃,6℃,菏泽,东北风 4级
阴,2020年3月27日,11℃,3℃,菏泽,东北风 2级
晴,2020年3月28日,16℃,7℃,菏泽,东北风 3级
阴,2020年3月29日,31℃,18℃,菏泽,西南风 3级
阴,2020年3月30日,31℃,18℃,菏泽,西南风 3级
阴,2020年3月31日,14℃,5℃,菏泽,东南风 2级
阴,2020年4月1日,15℃,8℃,菏泽,西北风 3级
小雨,2020年4月2日,15℃,4℃,菏泽,东北风 1级
多云,2020年4月3日,20℃,6℃,菏泽,北风 微风
多云,2020年4月4日,22℃,9℃,菏泽,东北风 2级
多云,2020年4月5日,19℃,9℃,菏泽,东南风 2级
阴,2020年4月6日,20℃,9℃,菏泽,东南风 2级
晴,2020年4月7日,24℃,10℃,菏泽,西南风 1级
阴,2020年4月8日,21℃,9℃,菏泽,东北风 2级
阴,2020年4月9日,11℃,6℃,菏泽,西北风 3级
中雨,2020年4月10日,6℃,4℃,菏泽,西北风 1级
晴,2020年4月11日,16℃,8℃,菏泽,西风 2级
晴,2020年4月12日,22℃,5℃,菏泽,东北风 1级
晴,2020年4月13日,24℃,12℃,菏泽,东南风 2级
阴,2020年4月14日,23℃,12℃,菏泽,东南风 3级
晴,2020年4月15日,26℃,17℃,菏泽,东南风 2级
多云,2020年4月16日,24℃,12℃,菏泽,东南风 2级
多云,2020年4月17日,23℃,9℃,菏泽,东北风 2级
阴,2020年4月18日,19℃,11℃,菏泽,西北风 1级
小雨,2020年4月19日,19℃,13℃,菏泽,西南风 3级
多云,2020年4月20日,20℃,9℃,菏泽,西北风 1级
多云,2020年4月21日,20℃,8℃,菏泽,东北风 2级
晴,2020年4月22日,16℃,5℃,菏泽,东南风 2级
多云,2020年4月23日,19℃,6℃,菏泽,东北风 2级
晴,2020年4月24日,23℃,14℃,菏泽,西南风 3级
晴,2020年4月25日,23℃,10℃,菏泽,西北风 2级
晴,2020年4月26日,22℃,12℃,菏泽,东北风 3级
晴,2020年4月27日,23℃,12℃,菏泽,西南风 2级
晴,2020年4月28日,25℃,14℃,菏泽,南风 4级
晴,2020年4月29日,30℃,19℃,菏泽,东南风 2级
多云,2020年4月30日,33℃,20℃,菏泽,西南风 3级
阴,,31℃,18℃,菏泽,西南风 3级
晴,2020年5月1日,31℃,19℃,菏泽,东南风 3级
阴,2020年5月2日,32℃,20℃,菏泽,东南风 2级
多云,2020年5月3日,36℃,19℃,菏泽,东风 1级
阴,2020年5月4日,20℃,12℃,菏泽,东北风 3级
晴,2020年5月5日,22℃,13℃,菏泽,北风 2级
晴,2020年5月6日,25℃,16℃,菏泽,东南风 2级
阴,2020年5月7日,19℃,16℃,菏泽,东北风 2级
小雨,2020年5月8日,16℃,11℃,菏泽,西北风 4级
小雨,2020年5月9日,16℃,12℃,菏泽,西南风 2级
晴,2020年5月10日,27℃,17℃,菏泽,南风 2级
多云,2020年5月11日,23℃,15℃,菏泽,西南风 3级
晴,2020年5月12日,26℃,16℃,菏泽,东南风 2级
多云,2020年5月13日,31℃,20℃,菏泽,东南风 2级
阴,2020年5月14日,24℃,15℃,菏泽,东南风 2级
多云,2020年5月15日,29℃,20℃,菏泽,东南风 2级
阴,2020年5月16日,31℃,18℃,菏泽,西南风 3级
阴,2020年5月17日,31℃,18℃,菏泽,西南风 3级
晴,2020年5月18日,24℃,14℃,菏泽,东南风 1级
晴,2020年5月19日,30℃,17℃,菏泽,东风 2级
多云,2020年5月20日,32℃,20℃,菏泽,西南风 2级
多云,2020年5月21日,33℃,21℃,菏泽,东南风 3级
晴,2020年5月22日,33℃,22℃,菏泽,东风 1级
多云,2020年5月23日,31℃,17℃,菏泽,东北风 2级
阴,2020年5月24日,29℃,21℃,菏泽,东北风 1级
阴,2020年5月25日,31℃,18℃,菏泽,西南风 3级
阴,2020年5月26日,31℃,18℃,菏泽,西南风 3级
,,,,菏泽,
晴,2019年1月1日,0℃,-11℃,北京,西北风 1级
多云,2019年1月2日,0℃,-9℃,北京,西南风 1级
多云,2019年1月3日,0℃,-6℃,北京,东北风 1级
晴,2019年1月4日,0℃,-6℃,北京,东北风 2级
多云,2019年1月5日,0℃,-8℃,北京,西南风 1级
多云,2019年1月6日,0℃,-7℃,北京,西南风 1级
阴,2019年1月7日,2℃,-7℃,北京,东北风 1级
晴,2019年1月8日,1℃,-10℃,北京,西南风 2级
阴,2019年1月9日,1℃,-9℃,北京,西南风 2级
晴,2019年1月10日,4℃,-7℃,北京,东南风 1级
阴,2019年1月11日,5℃,-6℃,北京,西南风 1级
雾,2019年1月12日,4℃,-5℃,北京,西南风 3级
雾,2019年1月13日,8℃,-7℃,北京,西南风 2级
多云,2019年1月14日,4℃,-8℃,北京,西南风 4级
晴,2019年1月15日,-1℃,-10℃,北京,西北风 2级
晴,2019年1月16日,2℃,-8℃,北京,西南风 2级
晴,2019年1月17日,7℃,-9℃,北京,西南风 2级
阴,2019年1月18日,5℃,-5℃,北京,西北风 1级
阴,2019年1月19日,4℃,-5℃,北京,西南风 微风
晴,2019年1月20日,5℃,-6℃,北京,西南风 2级
晴,2019年1月21日,9℃,-4℃,北京,西南风 2级
晴,2019年1月22日,11℃,-3℃,北京,东北风 1级
晴,2019年1月23日,11℃,-4℃,北京,西南风 4级
阴,2019年1月24日,4℃,-4℃,北京,东北风 微风
晴,2019年1月25日,5℃,-6℃,北京,西北风 2级
晴,2019年1月26日,4℃,-5℃,北京,西南风 2级
多云,2019年1月27日,4℃,-4℃,北京,西北风 5级
晴,2019年1月28日,6℃,-4℃,北京,西南风 2级
多云,2019年1月29日,6℃,-4℃,北京,东北风 1级
多云,2019年1月30日,3℃,-7℃,北京,西北风 2级
多云,2019年1月31日,0℃,-8℃,北京,西南风 2级
晴,2019年2月1日,5℃,-5℃,北京,东南风 1级
多云,2019年2月2日,1℃,-3℃,北京,东北风 1级
阴,2019年2月3日,8℃,-7℃,北京,西北风 5级
多云,2019年2月4日,3℃,-6℃,北京,东北风 1级
多云,2019年2月5日,1℃,-5℃,北京,西南风 2级
阴,2019年2月6日,0℃,-7℃,北京,东北风 3级
多云,2019年2月7日,-4℃,-7℃,北京,西南风 2级
阴,2019年2月8日,-1℃,-7℃,北京,西南风 1级
多云,2019年2月9日,-1℃,-8℃,北京,东南风 1级
阴,2019年2月10日,-1℃,-8℃,北京,西南风 2级
多云,2019年2月11日,3℃,-6℃,北京,西北风 1级
阴,2019年2月12日,-2℃,-6℃,北京,西南风 2级
多云,2019年2月13日,0℃,-6℃,北京,西南风 1级
阴,2019年2月14日,-2℃,-6℃,北京,西南风 2级
晴,2019年2月15日,0℃,-7℃,北京,西北风 5级
晴,2019年2月16日,2℃,-6℃,北京,西北风 3级
晴,2019年2月17日,6℃,-4℃,北京,西南风 3级
阴,2019年2月18日,5℃,-3℃,北京,西南风 2级
雨夹雪,2019年2月19日,4℃,-4℃,北京,西北风 3级
晴,2019年2月20日,7℃,-4℃,北京,西南风 2级
晴,2019年2月21日,10℃,-3℃,北京,西南风 2级
雾,2019年2月22日,10℃,-2℃,北京,东南风 2级
多云,2019年2月23日,13℃,-2℃,北京,西南风 2级
多云,2019年2月24日,12℃,-1℃,北京,东北风 2级
阴,2019年2月25日,11℃,-2℃,北京,东北风 3级
阴,2019年2月26日,8℃,-2℃,北京,东北风 2级
晴,2019年2月27日,11℃,-2℃,北京,西南风 2级
晴,2019年2月28日,13℃,-1℃,北京,西南风 2级
小雨,,24℃,13℃,北京,西南风 2级
小雨,,24℃,13℃,北京,西南风 2级
晴,2019年3月1日,14℃,1℃,北京,西南风 2级
小雨,,24℃,13℃,北京,西南风 2级
多云,2019年3月2日,16℃,2℃,北京,西南风 2级
多云,2019年3月3日,14℃,1℃,北京,西南风 1级
多云,2019年3月4日,17℃,2℃,北京,东南风 2级
多云,2019年3月5日,17℃,4℃,北京,西北风 4级
晴,2019年3月6日,10℃,-2℃,北京,东南风 微风
晴,2019年3月7日,13℃,-1℃,北京,西南风 2级
多云,2019年3月8日,14℃,3℃,北京,西南风 3级
阴,2019年3月9日,11℃,2℃,北京,东北风 2级
多云,2019年3月10日,12℃,2℃,北京,西北风 1级
阴,2019年3月11日,16℃,1℃,北京,西北风 4级
晴,2019年3月12日,11℃,1℃,北京,西北风 3级
多云,2019年3月13日,16℃,2℃,北京,西南风 2级
多云,2019年3月14日,16℃,4℃,北京,西北风 4级
多云,2019年3月15日,14℃,2℃,北京,西南风 4级
晴,2019年3月16日,19℃,2℃,北京,西北风 3级
晴,2019年3月17日,20℃,5℃,北京,西南风 3级
阴,2019年3月18日,21℃,5℃,北京,东南风 1级
多云,2019年3月19日,24℃,12℃,北京,西南风 2级
阴,2019年3月20日,19℃,6℃,北京,西北风 2级
晴,2019年3月21日,12℃,0℃,北京,东北风 3级
晴,2019年3月22日,14℃,3℃,北京,西北风 5级
晴,2019年3月23日,12℃,2℃,北京,西南风 4级
晴,2019年3月24日,20℃,5℃,北京,西南风 3级
晴,2019年3月25日,22℃,5℃,北京,西北风 1级
晴,2019年3月26日,18℃,4℃,北京,东南风 3级
多云,2019年3月27日,21℃,4℃,北京,东南风 4级
阴,2019年3月28日,10℃,1℃,北京,西南风 2级
阴,2019年3月29日,13℃,4℃,北京,西北风 5级
晴,2019年3月30日,10℃,0℃,北京,东北风 3级
多云,2019年3月31日,15℃,2℃,北京,西北风 2级
晴,2019年4月1日,16℃,4℃,北京,东南风 2级
晴,2019年4月2日,18℃,3℃,北京,东南风 2级
晴,2019年4月3日,19℃,9℃,北京,西南风 3级
扬沙,2019年4月4日,28℃,9℃,北京,西北风 3级
扬沙,2019年4月5日,20℃,8℃,北京,东北风 4级
多云,2019年4月6日,20℃,7℃,北京,西南风 2级
多云,2019年4月7日,19℃,6℃,北京,东南风 3级
阴,2019年4月8日,16℃,5℃,北京,东南风 3级
阴,2019年4月9日,8℃,3℃,北京,西北风 2级
多云,2019年4月10日,17℃,8℃,北京,西南风 2级
阴,2019年4月11日,18℃,6℃,北京,西南风 2级
多云,2019年4月12日,22℃,9℃,北京,西南风 3级
多云,2019年4月13日,21℃,7℃,北京,西北风 4级
晴,2019年4月14日,22℃,8℃,北京,西南风 4级
多云,2019年4月15日,26℃,12℃,北京,东南风 3级
多云,2019年4月16日,25℃,14℃,北京,西南风 1级
多云,2019年4月17日,25℃,16℃,北京,东北风 1级
多云,2019年4月18日,23℃,10℃,北京,西南风 2级
阴,2019年4月19日,17℃,10℃,北京,西南风 4级
阴,2019年4月20日,13℃,8℃,北京,南风 2级
阴,2019年4月21日,21℃,8℃,北京,东南风 2级
多云,2019年4月22日,25℃,8℃,北京,西南风 3级
多云,2019年4月23日,25℃,16℃,北京,西南风 2级
阴,2019年4月24日,18℃,6℃,北京,东北风 3级
阴,2019年4月25日,16℃,8℃,北京,西南风 2级
晴,2019年4月26日,19℃,10℃,北京,西南风 3级
阴,2019年4月27日,13℃,5℃,北京,西南风 2级
阴,2019年4月28日,15℃,9℃,北京,西南风 2级
多云,2019年4月29日,20℃,13℃,北京,西南风 2级
多云,2019年4月30日,23℃,12℃,北京,东北风 3级
小雨,,24℃,13℃,北京,西南风 2级
晴,2019年5月1日,28℃,11℃,北京,西南风 2级
晴,2019年5月2日,30℃,13℃,北京,西南风 5级
阴,2019年5月3日,28℃,16℃,北京,西南风 3级
阴,2019年5月4日,27℃,16℃,北京,西北风 1级
阴,2019年5月5日,22℃,10℃,北京,东北风 3级
晴,2019年5月6日,24℃,10℃,北京,西南风 5级
晴,2019年5月7日,27℃,14℃,北京,西南风 3级
阴,2019年5月8日,26℃,14℃,北京,西南风 2级
晴,2019年5月9日,30℃,14℃,北京,西南风 2级
阴,2019年5月10日,29℃,14℃,北京,西南风 2级
多云,2019年5月11日,28℃,15℃,北京,东南风 微风
阴,2019年5月12日,19℃,9℃,北京,西南风 1级
晴,2019年5月13日,23℃,12℃,北京,西南风 3级
多云,2019年5月14日,25℃,16℃,北京,东南风 1级
阴,2019年5月15日,28℃,16℃,北京,西南风 3级
晴,2019年5月16日,33℃,19℃,北京,西南风 4级
多云,2019年5月17日,30℃,20℃,北京,东南风 6级
阴,2019年5月18日,22℃,18℃,北京,东南风 1级
阴,2019年5月19日,23℃,12℃,北京,西北风 5级
晴,2019年5月20日,26℃,13℃,北京,西北风 5级
晴,2019年5月21日,31℃,14℃,北京,西南风 1级
晴,2019年5月22日,34℃,17℃,北京,西南风 3级
晴,2019年5月23日,36℃,21℃,北京,东南风 3级
阴,2019年5月24日,32℃,20℃,北京,东南风 3级
多云,2019年5月25日,33℃,22℃,北京,西南风 2级
阴,2019年5月26日,23℃,16℃,北京,东北风 4级
晴,2019年5月27日,28℃,14℃,北京,东北风 1级
晴,2019年5月28日,31℃,16℃,北京,西南风 4级
晴,2019年5月29日,31℃,22℃,北京,西南风 2级
阴,2019年5月30日,29℃,15℃,北京,东北风 4级
晴,2019年5月31日,29℃,20℃,北京,西南风 3级
阴,2019年6月1日,28℃,18℃,北京,东北风 1级
多云,2019年6月2日,31℃,20℃,北京,东南风 2级
多云,2019年6月3日,31℃,18℃,北京,东南风 2级
阴,2019年6月4日,26℃,19℃,北京,东南风 2级
阴,2019年6月5日,28℃,19℃,北京,西南风 3级
阴,2019年6月6日,22℃,17℃,北京,西南风 2级
多云,2019年6月7日,28℃,20℃,北京,西南风 2级
晴,2019年6月8日,34℃,20℃,北京,西南风 3级
晴,2019年6月9日,30℃,17℃,北京,东北风 3级
晴,2019年6月10日,32℃,18℃,北京,东南风 3级
晴,2019年6月11日,32℃,20℃,北京,东南风 4级
多云,2019年6月12日,33℃,22℃,北京,东北风 3级
小雨,2019年6月13日,31℃,19℃,北京,西南风 2级
晴,2019年6月14日,35℃,20℃,北京,东南风 1级
阴,2019年6月15日,31℃,20℃,北京,东南风 2级
小雨,2019年6月16日,22℃,17℃,北京,西北风 2级
多云,2019年6月17日,29℃,20℃,北京,西北风 2级
多云,2019年6月18日,33℃,22℃,北京,东北风 1级
多云,2019年6月19日,30℃,22℃,北京,西南风 1级
阴,2019年6月20日,34℃,24℃,北京,东北风 1级
阴,2019年6月21日,27℃,20℃,北京,西南风 2级
晴,2019年6月22日,34℃,22℃,北京,西南风 3级
晴,2019年6月23日,35℃,23℃,北京,东南风 2级
多云,2019年6月24日,36℃,23℃,北京,西南风 3级
阴,2019年6月25日,34℃,25℃,北京,东南风 4级
多云,2019年6月26日,35℃,23℃,北京,东南风 3级
多云,2019年6月27日,33℃,24℃,北京,西南风 2级
阴,2019年6月28日,31℃,22℃,北京,西南风 3级
多云,2019年6月29日,33℃,23℃,北京,西北风 4级
晴,2019年6月30日,32℃,21℃,北京,西北风 2级
小雨,,24℃,13℃,北京,西南风 2级
晴,2019年7月1日,33℃,22℃,北京,西南风 2级
多云,2019年7月2日,33℃,22℃,北京,西南风 3级
晴,2019年7月3日,36℃,24℃,北京,西南风 3级
晴,2019年7月4日,37℃,26℃,北京,西南风 2级
小雨,2019年7月5日,29℃,22℃,北京,西南风 3级
阴,2019年7月6日,27℃,21℃,北京,西北风 2级
小雨,2019年7月7日,28℃,20℃,北京,东北风 1级
阴,2019年7月8日,30℃,22℃,北京,东南风 2级
阴,2019年7月9日,26℃,21℃,北京,东北风 1级
阴,2019年7月10日,29℃,19℃,北京,东北风 2级
晴,2019年7月11日,30℃,21℃,北京,东南风 2级
晴,2019年7月12日,34℃,22℃,北京,西南风 2级
多云,2019年7月13日,32℃,24℃,北京,东风 1级
多云,2019年7月14日,32℃,23℃,北京,东南风 3级
晴,2019年7月15日,32℃,24℃,北京,东南风 3级
阴,2019年7月16日,33℃,24℃,北京,东北风 3级
小雨,2019年7月17日,27℃,23℃,北京,东北风 2级
多云,2019年7月18日,32℃,24℃,北京,西南风 2级
阴,2019年7月19日,31℃,25℃,北京,东南风 2级
阴,2019年7月20日,28℃,24℃,北京,西南风 2级
阴,2019年7月21日,37℃,27℃,北京,西南风 3级
阴,2019年7月22日,31℃,25℃,北京,西南风 1级
多云,2019年7月23日,35℃,25℃,北京,西南风 2级
晴,2019年7月24日,36℃,27℃,北京,东南风 2级
晴,2019年7月25日,36℃,27℃,北京,西南风 3级
晴,2019年7月26日,36℃,27℃,北京,东南风 2级
多云,2019年7月27日,36℃,27℃,北京,东南风 4级
多云,2019年7月28日,34℃,26℃,北京,东北风 4级
小雨,2019年7月29日,30℃,22℃,北京,东北风 2级
晴,2019年7月30日,33℃,24℃,北京,西南风 3级
晴,2019年7月31日,35℃,25℃,北京,西南风 3级
多云,2019年8月1日,32℃,24℃,北京,西南风 1级
小雨,2019年8月2日,28℃,23℃,北京,西南风 2级
多云,2019年8月3日,30℃,24℃,北京,西南风 2级
阴,2019年8月4日,29℃,23℃,北京,东南风 3级
小雨,2019年8月5日,28℃,24℃,北京,东南风 3级
阴,2019年8月6日,31℃,24℃,北京,东南风 3级
小雨,2019年8月7日,31℃,24℃,北京,东南风 3级
阴,2019年8月8日,32℃,25℃,北京,西南风 3级
阴,2019年8月9日,31℃,23℃,北京,东北风 2级
小雨,2019年8月10日,27℃,23℃,北京,东风 1级
小雨,2019年8月11日,24℃,24℃,北京,东北风 2级
阴,2019年8月12日,28℃,23℃,北京,东北风 5级
阴,2019年8月13日,31℃,22℃,北京,东南风 2级
多云,2019年8月14日,32℃,22℃,北京,东北风 2级
晴,2019年8月15日,32℃,22℃,北京,东北风 1级
晴,2019年8月16日,29℃,22℃,北京,西北风 3级
晴,2019年8月17日,32℃,18℃,北京,西北风 1级
晴,2019年8月18日,30℃,21℃,北京,东南风 2级
阴,2019年8月19日,31℃,22℃,北京,东南风 3级
小雨,2019年8月20日,22℃,19℃,北京,东北风 1级
晴,2019年8月21日,30℃,19℃,北京,西南风 1级
多云,2019年8月22日,30℃,20℃,北京,西南风 2级
多云,2019年8月23日,30℃,19℃,北京,东南风 1级
晴,2019年8月24日,31℃,18℃,北京,西南风 4级
晴,2019年8月25日,30℃,20℃,北京,西南风 2级
阴,2019年8月26日,25℃,19℃,北京,东南风 1级
晴,2019年8月27日,34℃,20℃,北京,西南风 4级
多云,2019年8月28日,30℃,20℃,北京,西北风 4级
多云,2019年8月29日,29℃,19℃,北京,西北风 2级
晴,2019年8月30日,30℃,17℃,北京,西南风 2级
晴,2019年8月31日,31℃,18℃,北京,西南风 2级
晴,2019年9月1日,31℃,19℃,北京,西南风 3级
晴,2019年9月2日,32℃,19℃,北京,西南风 3级
晴,2019年9月3日,33℃,20℃,北京,西南风 1级
晴,2019年9月4日,31℃,19℃,北京,西南风 3级
晴,2019年9月5日,31℃,20℃,北京,西南风 2级
晴,2019年9月6日,32℃,20℃,北京,西南风 2级
晴,2019年9月7日,34℃,20℃,北京,西南风 3级
晴,2019年9月8日,35℃,22℃,北京,西南风 3级
阴,2019年9月9日,31℃,20℃,北京,东北风 2级
阴,2019年9月10日,21℃,18℃,北京,东北风 1级
阴,2019年9月11日,23℃,18℃,北京,西南风 1级
阴,2019年9月12日,22℃,18℃,北京,东南风 2级
晴,2019年9月14日,29℃,17℃,北京,南风 1级
阴,2019年9月13日,27℃,17℃,北京,东南风 1级
多云,2019年9月15日,26℃,17℃,北京,西南风 1级
晴,2019年9月16日,26℃,16℃,北京,西南风 3级
阴,2019年9月17日,26℃,15℃,北京,西南风 1级
晴,2019年9月18日,25℃,14℃,北京,东南风 2级
阴,2019年9月19日,24℃,16℃,北京,西南风 2级
多云,2019年9月20日,27℃,16℃,北京,东南风 1级
多云,2019年9月21日,27℃,16℃,北京,东南风 3级
多云,2019年9月22日,27℃,16℃,北京,西南风 2级
晴,2019年9月23日,31℃,18℃,北京,西南风 2级
晴,2019年9月24日,31℃,15℃,北京,西南风 2级
晴,2019年9月25日,29℃,15℃,北京,西南风 2级
晴,2019年9月26日,29℃,15℃,北京,南风 1级
晴,2019年9月27日,27℃,16℃,北京,西南风 1级
晴,2019年9月28日,28℃,17℃,北京,东南风 1级
晴,2019年9月29日,29℃,18℃,北京,北风 微风
晴,2019年9月30日,29℃,19℃,北京,西南风 2级
小雨,,24℃,13℃,北京,西南风 2级
晴,2019年10月1日,28℃,18℃,北京,西南风 1级
晴,2019年10月2日,28℃,17℃,北京,西南风 1级
晴,2019年10月3日,29℃,13℃,北京,东南风 4级
阴,2019年10月4日,15℃,8℃,北京,东北风 1级
晴,2019年10月5日,19℃,8℃,北京,东南风 2级
阴,2019年10月6日,16℃,9℃,北京,西南风 3级
晴,2019年10月7日,24℃,10℃,北京,西南风 2级
晴,2019年10月8日,20℃,9℃,北京,西南风 2级
多云,2019年10月9日,22℃,12℃,北京,西南风 2级
阴,2019年10月10日,18℃,12℃,北京,东南风 2级
阴,2019年10月11日,19℃,13℃,北京,东北风 2级
阴,2019年10月12日,16℃,9℃,北京,西南风 1级
小雨,2019年10月13日,13℃,5℃,北京,东南风 2级
晴,2019年10月14日,15℃,3℃,北京,西南风 2级
晴,2019年10月15日,17℃,6℃,北京,西南风 2级
阴,2019年10月16日,18℃,9℃,北京,西南风 2级
小雨,2019年10月17日,14℃,6℃,北京,西南风 1级
雾,2019年10月18日,17℃,7℃,北京,东南风 1级
多云,2019年10月19日,17℃,10℃,北京,东北风 1级
多云,2019年10月20日,22℃,7℃,北京,西北风 1级
晴,2019年10月21日,20℃,6℃,北京,东北风 1级
晴,2019年10月22日,19℃,7℃,北京,西南风 1级
多云,2019年10月23日,21℃,10℃,北京,南风 微风
小雨,2019年10月24日,13℃,6℃,北京,西北风 4级
晴,2019年10月25日,13℃,1℃,北京,西南风 2级
多云,2019年10月26日,16℃,3℃,北京,西南风 2级
晴,2019年10月27日,18℃,5℃,北京,西南风 1级
扬沙,2019年10月28日,14℃,2℃,北京,东北风 2级
晴,2019年10月29日,18℃,2℃,北京,东南风 1级
晴,2019年10月30日,21℃,6℃,北京,西南风 1级
多云,2019年10月31日,25℃,5℃,北京,东北风 1级
阴,2019年11月1日,18℃,8℃,北京,东南风 2级
阴,2019年11月2日,14℃,8℃,北京,西北风 2级
阴,2019年11月3日,12℃,4℃,北京,西南风 1级
晴,2019年11月4日,16℃,5℃,北京,西南风 2级
晴,2019年11月5日,16℃,6℃,北京,东南风 2级
阴,2019年11月6日,14℃,5℃,北京,东北风 1级
晴,2019年11月7日,13℃,1℃,北京,西南风 2级
晴,2019年11月8日,16℃,2℃,北京,西南风 2级
多云,2019年11月9日,13℃,7℃,北京,东南风 微风
阴,2019年11月10日,16℃,5℃,北京,西风 2级
晴,2019年11月11日,18℃,5℃,北京,东南风 1级
晴,2019年11月12日,16℃,7℃,北京,北风 微风
多云,2019年11月13日,7℃,-5℃,北京,东北风 3级
多云,2019年11月14日,7℃,-2℃,北京,东北风 1级
晴,2019年11月15日,8℃,2℃,北京,东风 2级
阴,2019年11月16日,8℃,6℃,北京,东北风 2级
阴,2019年11月17日,10℃,-4℃,北京,西北风 6级
晴,2019年11月18日,3℃,-5℃,北京,西南风 2级
晴,2019年11月19日,6℃,-4℃,北京,西南风 1级
晴,2019年11月20日,7℃,-3℃,北京,南风 微风
阴,2019年11月21日,5℃,-1℃,北京,东北风 1级
多云,2019年11月22日,9℃,2℃,北京,东南风 1级
阴,2019年11月23日,12℃,5℃,北京,东北风 2级
晴,2019年11月25日,2℃,-5℃,北京,西南风 2级
多云,2019年11月24日,5℃,-5℃,北京,东北风 4级
多云,2019年11月26日,4℃,-3℃,北京,北风 微风
晴,2019年11月27日,6℃,-7℃,北京,东北风 1级
晴,2019年11月28日,3℃,-6℃,北京,西南风 1级
阴,2019年11月29日,1℃,-4℃,北京,西南风 2级
阴,2019年11月30日,4℃,-5℃,北京,西北风 3级
小雨,,24℃,13℃,北京,西南风 2级
晴,2019年12月1日,4℃,-4℃,北京,西北风 5级
晴,2019年12月2日,4℃,-4℃,北京,西南风 3级
晴,2019年12月3日,9℃,-3℃,北京,西南风 2级
晴,2019年12月4日,10℃,-3℃,北京,南风 微风
晴,2019年12月5日,2℃,-6℃,北京,西南风 1级
晴,2019年12月6日,1℃,-5℃,北京,东南风 1级
晴,2019年12月7日,5℃,-6℃,北京,东南风 2级
雾,2019年12月8日,-2℃,-6℃,北京,东南风 2级
雾,2019年12月9日,3℃,-5℃,北京,西南风 2级
雾,2019年12月10日,9℃,-4℃,北京,西北风 5级
晴,2019年12月11日,3℃,-6℃,北京,西北风 3级
晴,2019年12月12日,4℃,-6℃,北京,东南风 2级
晴,2019年12月13日,9℃,-5℃,北京,东北风 4级
阴,2019年12月14日,5℃,-4℃,北京,西南风 微风
多云,2019年12月15日,3℃,-1℃,北京,西南风 1级
雨夹雪,2019年12月16日,1℃,-2℃,北京,西南风 微风
晴,2019年12月17日,3℃,-7℃,北京,西北风 3级
多云,2019年12月18日,1℃,-6℃,北京,西南风 2级
晴,2019年12月19日,0℃,-8℃,北京,东北风 3级
晴,2019年12月20日,1℃,-6℃,北京,西南风 1级
多云,2019年12月21日,3℃,-6℃,北京,西南风 1级
晴,2019年12月22日,4℃,-4℃,北京,东南风 1级
多云,2019年12月23日,0℃,-2℃,北京,东北风 2级
阴,2019年12月24日,0℃,-6℃,北京,西南风 1级
阴,2019年12月25日,5℃,-6℃,北京,东北风 2级
晴,2019年12月26日,3℃,-7℃,北京,西北风 1级
晴,2019年12月27日,4℃,-6℃,北京,东南风 1级
晴,2019年12月28日,3℃,-7℃,北京,东北风 1级
多云,2019年12月29日,5℃,-7℃,北京,西北风 4级
晴,2019年12月30日,0℃,-14℃,北京,
晴,2019年12月31日,0℃,-12℃,北京,西南风 3级
局部多云,2020年1月1日,0℃,-10℃,北京,东北风 2级
局部多云,2020年1月2日,0℃,-9℃,北京,西风 2级
晴,2020年1月3日,6℃,-7℃,北京,西北偏西风 2级
晴,2020年1月4日,8℃,-6℃,北京,东北偏东风 2级
阵雪,2020年1月5日,0℃,-2℃,北京,
小雨,2020年1月6日,24℃,13℃,北京,西南风 2级
小雨,2020年1月7日,24℃,13℃,北京,西南风 2级
阴,2020年1月8日,0℃,-10℃,北京,
晴,2020年1月9日,4℃,-7℃,北京,西南风 1级
晴,2020年1月10日,6℃,-4℃,北京,西北风 微风
阴,2020年1月11日,0℃,-7℃,北京,东北风 1级
多云,2020年1月12日,2℃,-6℃,北京,西南风 1级
晴,2020年1月13日,0℃,-8℃,北京,西北风 2级
晴,2020年1月14日,1℃,-9℃,北京,西南风 2级
多云,2020年1月15日,1℃,-7℃,北京,西南风 2级
多云,2020年1月16日,2℃,-7℃,北京,西南风 1级
阴,2020年1月17日,3℃,-7℃,北京,西南风 1级
雾,2020年1月18日,-2℃,-4℃,北京,西南风 2级
多云,2020年1月19日,5℃,-4℃,北京,东南风 1级
晴,2020年1月20日,6℃,-7℃,北京,西南风 2级
多云,2020年1月21日,4℃,-6℃,北京,东北风 1级
晴,2020年1月22日,6℃,-5℃,北京,西南风 1级
晴,2020年1月23日,8℃,-6℃,北京,北风 微风
晴,2020年1月24日,4℃,-6℃,北京,东南风 2级
多云,2020年1月25日,5℃,-5℃,北京,西南风 2级
阴,2020年1月26日,3℃,-4℃,北京,西南风 1级
阴,2020年1月27日,5℃,-4℃,北京,西南风 1级
阴,2020年1月28日,5℃,-4℃,北京,北风 微风
多云,2020年1月29日,8℃,-6℃,北京,东北风 2级
晴,2020年1月30日,6℃,-6℃,北京,西南风 1级
晴,2020年1月31日,8℃,-5℃,北京,东北风 2级
多云,2020年2月1日,4℃,-3℃,北京,西南风 1级
小雪,2020年2月2日,3℃,-7℃,北京,西北风 3级
晴,2020年2月3日,3℃,-6℃,北京,西南风 2级
晴,2020年2月4日,2℃,-8℃,北京,东北风 2级
小雪,2020年2月5日,-3℃,-6℃,北京,东北风 3级
中雪,2020年2月6日,-3℃,-9℃,北京,西南风 1级
多云,2020年2月7日,1℃,-7℃,北京,北风 微风
晴,2020年2月8日,7℃,-7℃,北京,西南风 2级
多云,2020年2月9日,6℃,-5℃,北京,东南风 1级
雾,2020年2月10日,12℃,-5℃,北京,西南风 1级
雾,2020年2月11日,10℃,-2℃,北京,东南风 1级
雾,2020年2月12日,11℃,-2℃,北京,北风 微风
雾,2020年2月13日,8℃,0℃,北京,东北风 2级
暴雪,2020年2月14日,0℃,-6℃,北京,东北风 3级
中雪,2020年2月15日,0℃,-4℃,北京,西北风 3级
阴,2020年2月16日,3℃,-5℃,北京,西北风 3级
晴,2020年2月17日,6℃,-5℃,北京,西北风 1级
多云,2020年2月18日,10℃,-4℃,北京,西南风 1级
晴,2020年2月19日,8℃,-4℃,北京,西南风 1级
多云,2020年2月20日,4℃,-3℃,北京,北风 微风
多云,2020年2月21日,9℃,-2℃,北京,西南风 3级
晴,2020年2月22日,9℃,-3℃,北京,西南风 1级
晴,2020年2月23日,10℃,0℃,北京,北风 微风
阴,2020年2月24日,9℃,3℃,北京,东南风 2级
阴,2020年2月25日,9℃,3℃,北京,东南风 2级
多云,2020年2月26日,8℃,-2℃,北京,西南风 2级
阴,2020年2月27日,5℃,-3℃,北京,西南风 2级
晴,2020年2月28日,8℃,0℃,北京,西南风 1级
雨夹雪,2020年2月29日,3℃,1℃,北京,东北风 2级
小雨,,24℃,13℃,北京,西南风 2级
小雨,,24℃,13℃,北京,西南风 2级
雾,2020年3月1日,10℃,-3℃,北京,东北风 1级
阴,2020年3月2日,9℃,-1℃,北京,东北风 3级
晴,2020年3月3日,8℃,-3℃,北京,西北风 3级
晴,2020年3月4日,7℃,-2℃,北京,西南风 2级
晴,2020年3月5日,9℃,-2℃,北京,东风 1级
晴,2020年3月6日,10℃,1℃,北京,西北风 1级
晴,2020年3月7日,15℃,1℃,北京,东南风 2级
雾,2020年3月8日,6℃,5℃,北京,东北风 1级
阴,2020年3月9日,11℃,-1℃,北京,东南风 1级
晴,2020年3月10日,11℃,-4℃,北京,东北风 2级
晴,2020年3月11日,16℃,1℃,北京,东北风 1级
多云,2020年3月12日,14℃,-2℃,北京,东北风 2级
晴,2020年3月13日,12℃,-1℃,北京,西南风 3级
晴,2020年3月14日,16℃,3℃,北京,西北风 2级
晴,2020年3月15日,18℃,0℃,北京,东南风 3级
晴,2020年3月16日,12℃,3℃,北京,北风 微风
晴,2020年3月17日,23℃,3℃,北京,西南风 1级
晴,2020年3月18日,26℃,5℃,北京,西北风 6级
晴,2020年3月19日,17℃,4℃,北京,西南风 3级
阴,2020年3月20日,24℃,7℃,北京,西南风 1级
多云,2020年3月21日,17℃,3℃,北京,西南风 2级
晴,2020年3月23日,22℃,6℃,北京,东北风 2级
晴,2020年3月22日,21℃,7℃,北京,西南风 2级
阴,2020年3月24日,18℃,5℃,北京,西北风 微风
多云,2020年3月25日,21℃,5℃,北京,东南风 3级
小雨,2020年3月26日,12℃,2℃,北京,西北风 3级
晴,2020年3月27日,13℃,-1℃,北京,东北风 2级
晴,2020年3月28日,14℃,2℃,北京,西南风 3级
小雨,2020年3月29日,24℃,13℃,北京,西南风 2级
小雨,2020年3月30日,24℃,13℃,北京,西南风 2级
阴,2020年3月31日,19℃,7℃,北京,东北风 3级
阴,2020年4月1日,16℃,3℃,北京,西南风 2级
晴,2020年4月2日,20℃,7℃,北京,西南风 2级
晴,2020年4月3日,24℃,9℃,北京,西南风 3级
晴,2020年4月4日,18℃,4℃,北京,西南风 3级
晴,2020年4月5日,19℃,6℃,北京,西南风 1级
多云,2020年4月6日,23℃,9℃,北京,东北风 1级
阴,2020年4月7日,18℃,5℃,北京,西南风 3级
多云,2020年4月8日,15℃,7℃,北京,东南风 3级
阴,2020年4月9日,12℃,4℃,北京,西南风 2级
晴,2020年4月10日,17℃,6℃,北京,西南风 3级
晴,2020年4月11日,23℃,10℃,北京,西南风 1级
晴,2020年4月12日,25℃,6℃,北京,东南风 3级
晴,2020年4月13日,27℃,10℃,北京,西南风 2级
多云,2020年4月14日,26℃,11℃,北京,西南风 3级
多云,2020年4月15日,24℃,11℃,北京,西北风 1级
浮尘,2020年4月16日,19℃,11℃,北京,西北风 2级
晴,2020年4月17日,21℃,8℃,北京,东北风 2级
阴,2020年4月18日,22℃,11℃,北京,西南风 1级
晴,2020年4月20日,15℃,4℃,北京,东北风 3级
晴,2020年4月21日,13℃,4℃,北京,东北风 2级
多云,2020年4月19日,21℃,10℃,北京,西南风 3级
晴,2020年4月22日,16℃,6℃,北京,西北风 3级
晴,2020年4月23日,19℃,6℃,北京,西南风 1级
阴,2020年4月25日,22℃,9℃,北京,北风 3级
阴,2020年4月26日,22℃,7℃,北京,西南风 2级
浮尘,2020年4月24日,29℃,12℃,北京,西北风 2级
晴,2020年4月27日,28℃,11℃,北京,西南风 2级
晴,2020年4月28日,27℃,16℃,北京,西南风 2级
晴,2020年4月29日,28℃,15℃,北京,东风 2级
小雨,,24℃,13℃,北京,西南风 2级
多云,2020年4月30日,32℃,17℃,北京,东南风 1级
阴,2020年5月3日,25℃,14℃,北京,东南风 2级
多云,2020年5月1日,34℃,21℃,北京,西南风 3级
晴,2020年5月2日,32℃,17℃,北京,南风 2级
阴,2020年5月4日,17℃,10℃,北京,南风 3级
晴,2020年5月5日,26℃,13℃,北京,西南风 1级
多云,2020年5月6日,25℃,13℃,北京,东风 2级
阴,2020年5月7日,19℃,13℃,北京,东风 1级
阴,2020年5月9日,19℃,13℃,北京,南风 1级
小雨,2020年5月8日,15℃,10℃,北京,东南风 2级
多云,2020年5月10日,25℃,14℃,北京,西北风 3级
晴,2020年5月12日,26℃,12℃,北京,西南风 3级
多云,2020年5月14日,30℃,15℃,北京,东南风 2级
阴,2020年5月15日,22℃,15℃,北京,东南风 2级
晴,2020年5月13日,30℃,18℃,北京,西南风 2级
阴,2020年5月16日,22℃,15℃,北京,东南风 2级
小雨,2020年5月17日,24℃,13℃,北京,西南风 2级
阴,2020年5月11日,27℃,13℃,北京,北风 2级
多云,2020年5月18日,26℃,15℃,北京,西北风 1级
多云,2020年5月20日,29℃,16℃,北京,东风 2级
晴,2020年5月19日,30℃,15℃,北京,西南风 2级
阴,2020年5月21日,22℃,15℃,北京,东风 2级
晴,2020年5月22日,29℃,16℃,北京,东北风 1级
小雨,2020年5月23日,26℃,16℃,北京,北风 2级
晴,2020年5月24日,29℃,17℃,北京,西南风 1级
小雨,2020年5月25日,24℃,13℃,北京,西南风 2级
小雨,2020年5月26日,24℃,13℃,北京,西南风 2级
,,,,北京,
多云,2019年1月1日,2℃,-5℃,临沂,西南风 1级
多云,2019年1月2日,3℃,-4℃,临沂,东南风 2级
扬沙,2019年1月3日,5℃,-2℃,临沂,东北风 1级
雨夹雪,2019年1月4日,0℃,-1℃,临沂,东北风 3级
阴,2019年1月5日,0℃,-5℃,临沂,西北风 1级
阴,2019年1月6日,2℃,-4℃,临沂,东北风 1级
多云,2019年1月7日,3℃,-2℃,临沂,东北风 2级
阴,2019年1月9日,0℃,-1℃,临沂,西南风 1级
多云,2019年1月8日,3℃,-1℃,临沂,东北风 2级
多云,2019年1月10日,3℃,-1℃,临沂,西北风 3级
多云,2019年1月12日,4℃,-1℃,临沂,西北风 1级
雨夹雪,2019年1月11日,1℃,-3℃,临沂,北风 微风
雾,2019年1月13日,4℃,-2℃,临沂,东北风 3级
扬沙,2019年1月14日,5℃,-2℃,临沂,西南风 2级
多云,2019年1月15日,0℃,-7℃,临沂,东北风 4级
多云,2019年1月16日,2℃,-5℃,临沂,西南风 2级
晴,2019年1月17日,6℃,-3℃,临沂,西南风 1级
阴,2019年1月18日,6℃,0℃,临沂,东北风 3级
阴,2019年1月19日,7℃,-2℃,临沂,东北风 3级
多云,2019年1月20日,6℃,-3℃,临沂,西北风 3级
晴,2019年1月21日,7℃,-5℃,临沂,西北风 3级
晴,2019年1月22日,10℃,-2℃,临沂,西北风 3级
多云,2019年1月23日,13℃,-1℃,临沂,东北风 1级
多云,2019年1月24日,11℃,0℃,临沂,东北风 2级
阴,2019年1月25日,5℃,-5℃,临沂,东北风 3级
晴,2019年1月26日,6℃,-4℃,临沂,西南风 2级
多云,2019年1月27日,7℃,0℃,临沂,西南风 2级
阴,2019年1月28日,7℃,-1℃,临沂,东北风 2级
多云,2019年1月29日,8℃,-1℃,临沂,西南风 2级
雨夹雪,2019年1月30日,5℃,-3℃,临沂,东北风 3级
小雪,2019年1月31日,1℃,-6℃,临沂,西南风 4级
多云,2019年2月1日,4℃,-2℃,临沂,西南风 4级
雾,2019年2月2日,1℃,0℃,临沂,东北风 1级
多云,2019年2月3日,7℃,-3℃,临沂,西北风 1级
阴,2019年2月4日,8℃,-1℃,临沂,东南风 2级
雾,2019年2月5日,11℃,0℃,临沂,西南风 3级
雾,2019年2月6日,6℃,-1℃,临沂,东北风 6级
阴,2019年2月7日,0℃,-5℃,临沂,东北风 3级
阴,2019年2月8日,-3℃,-5℃,临沂,西南风 1级
阴,2019年2月9日,1℃,-4℃,临沂,东北风 4级
阴,2019年2月10日,-2℃,-6℃,临沂,西南风 2级
多云,2019年2月11日,4℃,-4℃,临沂,东南风 2级
阴,2019年2月12日,4℃,-2℃,临沂,东北风 1级
阴,2019年2月13日,5℃,0℃,临沂,东北风 5级
阴,2019年2月14日,0℃,-1℃,临沂,东北风 2级
阴,2019年2月15日,5℃,-4℃,临沂,东北风 3级
多云,2019年2月16日,4℃,-5℃,临沂,东北风 3级
多云,2019年2月17日,5℃,-2℃,临沂,西北风 2级
阴,2019年2月18日,2℃,0℃,临沂,东北风 2级
阴,2019年2月19日,5℃,-2℃,临沂,西南风 1级
雾,2019年2月20日,7℃,-2℃,临沂,东北风 2级
多云,2019年2月21日,7℃,0℃,临沂,东南风 2级
多云,2019年2月22日,8℃,-1℃,临沂,西南风 1级
晴,2019年2月23日,12℃,-1℃,临沂,东北风 1级
多云,2019年2月24日,13℃,1℃,临沂,西南风 1级
多云,2019年2月25日,13℃,1℃,临沂,南风 2级
阴,2019年2月26日,8℃,3℃,临沂,东北风 3级
阴,2019年2月27日,7℃,1℃,临沂,东南风 1级
阴,2019年2月28日,12℃,2℃,临沂,东南风 1级
阴,,28℃,18℃,临沂,西南风 2级
阴,,28℃,18℃,临沂,西南风 2级
阴,,28℃,18℃,临沂,西南风 2级
多云,2019年3月1日,13℃,4℃,临沂,东南风 2级
阴,2019年3月2日,11℃,4℃,临沂,西南风 2级
阴,2019年3月3日,10℃,0℃,临沂,西南风 2级
多云,2019年3月4日,15℃,0℃,临沂,西南风 2级
多云,2019年3月5日,14℃,3℃,临沂,东南风 1级
晴,2019年3月6日,15℃,0℃,临沂,东北风 5级
晴,2019年3月7日,11℃,0℃,临沂,东南风 1级
阴,2019年3月8日,13℃,4℃,临沂,东南风 3级
多云,2019年3月9日,11℃,3℃,临沂,东南风 2级
雾,2019年3月10日,14℃,5℃,临沂,西南风 3级
多云,2019年3月11日,17℃,4℃,临沂,西北风 2级
晴,2019年3月12日,13℃,0℃,临沂,西北风 3级
晴,2019年3月13日,16℃,3℃,临沂,西南风 4级
晴,2019年3月14日,19℃,5℃,临沂,西北风 2级
晴,2019年3月15日,18℃,5℃,临沂,西北风 3级
晴,2019年3月16日,22℃,5℃,临沂,西北风 3级
晴,2019年3月17日,18℃,8℃,临沂,东南风 3级
阴,2019年3月18日,19℃,8℃,临沂,西南风 3级
多云,2019年3月19日,21℃,12℃,临沂,东南风 3级
阴,2019年3月20日,13℃,9℃,临沂,西北风 3级
晴,2019年3月21日,13℃,2℃,临沂,东北风 3级
多云,2019年3月22日,12℃,4℃,临沂,西南风 3级
晴,2019年3月23日,14℃,3℃,临沂,东南风 3级
多云,2019年3月24日,16℃,6℃,临沂,西南风 4级
多云,2019年3月25日,20℃,7℃,临沂,西南风 3级
多云,2019年3月26日,23℃,11℃,临沂,西南风 3级
多云,2019年3月27日,25℃,7℃,临沂,东北风 6级
阴,2019年3月28日,13℃,6℃,临沂,东南风 3级
多云,2019年3月29日,12℃,6℃,临沂,东北风 3级
多云,2019年3月30日,13℃,2℃,临沂,东北风 3级
晴,2019年3月31日,16℃,4℃,临沂,西北风 3级
晴,2019年4月1日,20℃,6℃,临沂,东北风 4级
多云,2019年4月2日,15℃,6℃,临沂,东南风 3级
晴,2019年4月3日,18℃,6℃,临沂,东南风 2级
多云,2019年4月4日,20℃,9℃,临沂,西南风 2级
多云,2019年4月5日,24℃,13℃,临沂,东南风 3级
多云,2019年4月6日,27℃,11℃,临沂,东北风 5级
多云,2019年4月7日,17℃,9℃,临沂,东南风 3级
阴,2019年4月8日,17℃,7℃,临沂,东北风 4级
阴,2019年4月9日,6℃,5℃,临沂,东北风 4级
多云,2019年4月10日,15℃,7℃,临沂,东南风 1级
阴,2019年4月11日,15℃,5℃,临沂,东北风 3级
雾,2019年4月12日,16℃,11℃,临沂,东南风 1级
多云,2019年4月13日,20℃,11℃,临沂,西南风 2级
晴,2019年4月14日,20℃,6℃,临沂,西南风 2级
多云,2019年4月15日,21℃,12℃,临沂,西南风 2级
阴,2019年4月16日,20℃,10℃,临沂,东南风 3级
多云,2019年4月17日,23℃,15℃,临沂,西南风 3级
多云,2019年4月18日,27℃,12℃,临沂,东北风 5级
多云,2019年4月19日,19℃,10℃,临沂,东南风 3级
多云,2019年4月20日,22℃,14℃,临沂,东南风 3级
阴,2019年4月21日,18℃,13℃,临沂,东南风 2级
阴,2019年4月22日,19℃,14℃,临沂,东北风 2级
阴,2019年4月23日,21℃,14℃,临沂,东北风 2级
阴,2019年4月24日,19℃,12℃,临沂,东南风 2级
阴,2019年4月25日,13℃,8℃,临沂,东北风 3级
阴,2019年4月26日,16℃,5℃,临沂,东北风 3级
阴,2019年4月27日,15℃,9℃,临沂,东北风 4级
阴,2019年4月28日,14℃,10℃,临沂,东南风 1级
阴,2019年4月29日,17℃,9℃,临沂,西南风 2级
多云,2019年4月30日,22℃,11℃,临沂,西北风 2级
阴,,28℃,18℃,临沂,西南风 2级
晴,2019年5月1日,25℃,12℃,临沂,东北风 3级
晴,2019年5月2日,27℃,13℃,临沂,西南风 2级
晴,2019年5月3日,26℃,15℃,临沂,西南风 2级
阴,2019年5月4日,26℃,16℃,临沂,南风 微风
多云,2019年5月5日,26℃,13℃,临沂,东北风 6级
阴,2019年5月6日,21℃,10℃,临沂,西南风 2级
阴,2019年5月7日,23℃,14℃,临沂,西南风 3级
阴,2019年5月8日,20℃,13℃,临沂,西南风 2级
多云,2019年5月9日,26℃,13℃,临沂,西南风 2级
多云,2019年5月10日,27℃,16℃,临沂,东南风 3级
多云,2019年5月11日,28℃,17℃,临沂,东北风 3级
多云,2019年5月12日,30℃,15℃,临沂,西南风 3级
扬沙,2019年5月13日,21℃,11℃,临沂,东南风 3级
晴,2019年5月14日,26℃,18℃,临沂,东北风 3级
多云,2019年5月15日,25℃,16℃,临沂,东南风 3级
多云,2019年5月16日,24℃,18℃,临沂,东北风 3级
阴,2019年5月17日,20℃,17℃,临沂,东北风 4级
多云,2019年5月18日,22℃,15℃,临沂,东南风 1级
晴,2019年5月19日,27℃,15℃,临沂,西北风 3级
晴,2019年5月20日,25℃,13℃,临沂,西北风 3级
晴,2019年5月21日,30℃,15℃,临沂,西北风 2级
晴,2019年5月22日,34℃,19℃,临沂,西北风 3级
晴,2019年5月23日,37℃,22℃,临沂,西南风 3级
阴,2019年5月24日,34℃,23℃,临沂,东南风 2级
阴,2019年5月25日,30℃,21℃,临沂,西南风 3级
晴,2019年5月26日,25℃,22℃,临沂,东南风 2级
阴,2019年5月27日,23℃,16℃,临沂,东北风 1级
阴,2019年5月28日,28℃,16℃,临沂,西南风 3级
晴,2019年5月29日,30℃,19℃,临沂,西南风 1级
阴,2019年5月30日,21℃,15℃,临沂,西南风 2级
多云,2019年5月31日,31℃,19℃,临沂,西北风 2级
阴,2019年6月1日,29℃,18℃,临沂,西南风 2级
晴,2019年6月2日,32℃,22℃,临沂,西南风 3级
多云,2019年6月3日,35℃,22℃,临沂,西南风 3级
多云,2019年6月4日,36℃,24℃,临沂,东北风 4级
多云,2019年6月5日,32℃,20℃,临沂,东北风 4级
阴,2019年6月6日,22℃,17℃,临沂,东北风 2级
晴,2019年6月7日,29℃,19℃,临沂,东南风 3级
阴,2019年6月8日,30℃,20℃,临沂,东南风 1级
多云,2019年6月9日,31℃,17℃,临沂,东北风 4级
晴,2019年6月10日,28℃,18℃,临沂,东南风 2级
晴,2019年6月11日,31℃,18℃,临沂,东南风 3级
多云,2019年6月12日,30℃,19℃,临沂,东南风 3级
阴,2019年6月13日,27℃,19℃,临沂,东南风 2级
小雨,2019年6月14日,31℃,21℃,临沂,东南风 2级
阴,2019年6月15日,31℃,21℃,临沂,东南风 3级
阴,2019年6月16日,29℃,22℃,临沂,东南风 4级
多云,2019年6月17日,32℃,21℃,临沂,东南风 2级
多云,2019年6月18日,31℃,22℃,临沂,东南风 3级
阴,2019年6月19日,32℃,23℃,临沂,东南风 2级
阴,2019年6月20日,30℃,22℃,临沂,西南风 1级
多云,2019年6月21日,31℃,22℃,临沂,东南风 3级
多云,2019年6月22日,32℃,19℃,临沂,东北风 2级
晴,2019年6月23日,32℃,20℃,临沂,东南风 3级
多云,2019年6月24日,31℃,21℃,临沂,东南风 2级
阴,2019年6月25日,28℃,21℃,临沂,东南风 4级
阴,2019年6月26日,29℃,20℃,临沂,东南风 4级
多云,2019年6月27日,31℃,22℃,临沂,东南风 3级
小雨,2019年6月28日,26℃,23℃,临沂,东北风 2级
多云,2019年6月29日,31℃,23℃,临沂,西南风 2级
大雨,2019年6月30日,33℃,22℃,临沂,东北风 2级
阴,,28℃,18℃,临沂,西南风 2级
晴,2019年7月1日,33℃,21℃,临沂,东南风 2级
晴,2019年7月2日,33℃,22℃,临沂,西南风 3级
雷阵雨,2019年7月3日,34℃,24℃,临沂,东南风 3级
阴,2019年7月4日,32℃,23℃,临沂,西南风 2级
多云,2019年7月5日,34℃,23℃,临沂,西南风 3级
暴雨,2019年7月6日,25℃,20℃,临沂,东北风 3级
雷阵雨,2019年7月7日,26℃,20℃,临沂,东北风 3级
阴,2019年7月8日,27℃,20℃,临沂,东南风 2级
阴,2019年7月9日,27℃,20℃,临沂,东北风 2级
小雨,2019年7月10日,26℃,20℃,临沂,东南风 1级
阴,2019年7月11日,28℃,21℃,临沂,西北风 2级
阴,2019年7月12日,29℃,21℃,临沂,西北风 2级
多云,2019年7月13日,31℃,22℃,临沂,西南风 微风
多云,2019年7月14日,30℃,23℃,临沂,南风 微风
多云,2019年7月15日,32℃,23℃,临沂,东北风 3级
阴,2019年7月16日,30℃,23℃,临沂,东北风 2级
小雨,2019年7月17日,26℃,22℃,临沂,东北风 3级
晴,2019年7月18日,29℃,24℃,临沂,东北风 4级
小雨,2019年7月19日,28℃,23℃,临沂,东北风 1级
多云,2019年7月20日,33℃,26℃,临沂,西南风 1级
晴,2019年7月21日,34℃,26℃,临沂,东南风 2级
多云,2019年7月22日,34℃,26℃,临沂,东南风 4级
多云,2019年7月23日,35℃,26℃,临沂,东北风 3级
阴,2019年7月24日,35℃,26℃,临沂,西北风 3级
阴,2019年7月25日,35℃,26℃,临沂,东北风 3级
多云,2019年7月26日,35℃,26℃,临沂,东南风 2级
小雨,2019年7月27日,29℃,25℃,临沂,东南风 2级
阴,2019年7月28日,33℃,26℃,临沂,东南风 2级
中雨,2019年7月29日,32℃,27℃,临沂,东北风 3级
阴,2019年7月30日,31℃,25℃,临沂,西南风 3级
多云,2019年7月31日,33℃,25℃,临沂,东南风 1级
中雨,2019年8月1日,25℃,25℃,临沂,东北风 2级
小雨,2019年8月2日,27℃,24℃,临沂,东北风 2级
阴,2019年8月3日,32℃,24℃,临沂,东北风 2级
多云,2019年8月4日,30℃,24℃,临沂,东南风 3级
中雨,2019年8月5日,29℃,24℃,临沂,东北风 3级
中雨,2019年8月6日,27℃,24℃,临沂,东风 2级
小雨,2019年8月7日,27℃,24℃,临沂,东北风 3级
阴,2019年8月8日,31℃,25℃,临沂,东南风 3级
多云,2019年8月9日,31℃,24℃,临沂,东南风 3级
暴雨,2019年8月10日,26℃,23℃,临沂,东北风 3级
中雨,2019年8月11日,26℃,23℃,临沂,西北风 4级
小雨,2019年8月12日,23℃,22℃,临沂,西南风 4级
阴,2019年8月13日,28℃,22℃,临沂,西北风 2级
阴,2019年8月14日,26℃,22℃,临沂,北风 微风
多云,2019年8月15日,31℃,21℃,临沂,西北风 3级
晴,2019年8月16日,32℃,20℃,临沂,东北风 4级
晴,2019年8月17日,30℃,19℃,临沂,西北风 2级
晴,2019年8月18日,30℃,20℃,临沂,东南风 3级
多云,2019年8月19日,30℃,19℃,临沂,东南风 2级
阴,2019年8月20日,29℃,20℃,临沂,东南风 2级
阴,2019年8月21日,28℃,21℃,临沂,西北风 1级
多云,2019年8月22日,30℃,21℃,临沂,东北风 1级
多云,2019年8月23日,30℃,21℃,临沂,东北风 2级
多云,2019年8月24日,29℃,22℃,临沂,东北风 2级
多云,2019年8月25日,29℃,22℃,临沂,东南风 3级
阴,2019年8月26日,26℃,23℃,临沂,东北风 2级
阴,2019年8月27日,27℃,21℃,临沂,西南风 2级
多云,2019年8月28日,33℃,20℃,临沂,西北风 2级
晴,2019年8月29日,30℃,18℃,临沂,东北风 3级
晴,2019年8月30日,31℃,19℃,临沂,东北风 1级
阴,2019年8月31日,29℃,20℃,临沂,东北风 3级
多云,2019年9月1日,29℃,20℃,临沂,东北风 3级
多云,2019年9月2日,29℃,19℃,临沂,东南风 2级
多云,2019年9月3日,28℃,19℃,临沂,西北风 2级
多云,2019年9月4日,28℃,19℃,临沂,西南风 1级
多云,2019年9月5日,30℃,19℃,临沂,东南风 2级
多云,2019年9月6日,30℃,20℃,临沂,东南风 2级
晴,2019年9月7日,31℃,20℃,临沂,西北风 1级
晴,2019年9月8日,32℃,21℃,临沂,东南风 3级
晴,2019年9月9日,30℃,21℃,临沂,东南风 2级
多云,2019年9月10日,30℃,22℃,临沂,东北风 3级
阴,2019年9月11日,27℃,20℃,临沂,东北风 3级
阴,2019年9月12日,25℃,18℃,临沂,东南风 2级
多云,2019年9月13日,30℃,22℃,临沂,东北风 3级
多云,2019年9月14日,29℃,20℃,临沂,东北风 4级
阴,2019年9月15日,24℃,20℃,临沂,西北风 3级
多云,2019年9月16日,28℃,19℃,临沂,东北风 3级
阴,2019年9月17日,25℃,17℃,临沂,西南风 1级
晴,2019年9月18日,27℃,13℃,临沂,东北风 3级
阴,2019年9月19日,24℃,17℃,临沂,东南风 1级
阴,2019年9月20日,26℃,17℃,临沂,东北风 2级
多云,2019年9月21日,27℃,18℃,临沂,东北风 2级
晴,2019年9月22日,27℃,14℃,临沂,东北风 3级
晴,2019年9月23日,28℃,15℃,临沂,东北风 2级
多云,2019年9月24日,31℃,18℃,临沂,西北风 3级
阴,2019年9月25日,29℃,15℃,临沂,东南风 3级
多云,2019年9月26日,27℃,16℃,临沂,东南风 3级
多云,2019年9月27日,28℃,17℃,临沂,东南风 2级
晴,2019年9月28日,29℃,17℃,临沂,西南风 2级
晴,2019年9月29日,30℃,17℃,临沂,东南风 1级
多云,2019年9月30日,28℃,16℃,临沂,东北风 3级
阴,,28℃,18℃,临沂,西南风 2级
阴,2019年10月1日,28℃,19℃,临沂,东北风 2级
阴,2019年10月2日,28℃,16℃,临沂,西北风 2级
晴,2019年10月3日,30℃,17℃,临沂,东南风 1级
阴,2019年10月4日,23℃,14℃,临沂,东北风 5级
阴,2019年10月5日,19℃,10℃,临沂,东北风 3级
阴,2019年10月6日,16℃,11℃,临沂,西北风 微风
多云,2019年10月7日,18℃,9℃,临沂,西北风 2级
晴,2019年10月8日,21℃,11℃,临沂,东南风 2级
多云,2019年10月9日,21℃,16℃,临沂,东北风 2级
小雨,2019年10月10日,16℃,14℃,临沂,东北风 2级
小雨,2019年10月11日,17℃,15℃,临沂,东北风 4级
阴,2019年10月12日,20℃,14℃,临沂,东北风 3级
阴,2019年10月13日,22℃,12℃,临沂,东北风 4级
多云,2019年10月14日,16℃,6℃,临沂,东北风 4级
晴,2019年10月15日,16℃,7℃,临沂,东北风 3级
阴,2019年10月16日,14℃,10℃,临沂,西北风 1级
阴,2019年10月17日,18℃,9℃,临沂,东北风 1级
多云,2019年10月18日,21℃,8℃,临沂,东南风 1级
多云,2019年10月19日,22℃,10℃,临沂,西南风 2级
多云,2019年10月20日,23℃,13℃,临沂,东南风 2级
阴,2019年10月21日,23℃,14℃,临沂,东南风 1级
阴,2019年10月22日,21℃,15℃,临沂,西北风 2级
多云,2019年10月23日,22℃,11℃,临沂,东南风 2级
多云,2019年10月24日,23℃,11℃,临沂,西北风 3级
阴,2019年10月25日,16℃,5℃,临沂,东北风 3级
阴,2019年10月26日,15℃,6℃,临沂,西南风 2级
阴,2019年10月27日,19℃,9℃,临沂,西南风 2级
阴,2019年10月28日,21℃,3℃,临沂,西北风 3级
晴,2019年10月29日,20℃,6℃,临沂,西北风 1级
晴,2019年10月30日,22℃,9℃,临沂,西南风 2级
晴,2019年10月31日,25℃,11℃,临沂,西北风 3级
多云,2019年11月1日,22℃,13℃,临沂,东北风 2级
阴,2019年11月2日,21℃,10℃,临沂,东南风 3级
晴,2019年11月3日,20℃,10℃,临沂,东北风 4级
多云,2019年11月4日,18℃,6℃,临沂,东北风 1级
晴,2019年11月5日,19℃,7℃,临沂,东风 3级
阴,2019年11月6日,19℃,10℃,临沂,西南风 2级
晴,2019年11月7日,15℃,6℃,临沂,东北风 4级
多云,2019年11月8日,16℃,7℃,临沂,西南风 2级
多云,2019年11月9日,18℃,11℃,临沂,西南风 2级
晴,2019年11月11日,20℃,10℃,临沂,东北风 3级
晴,2019年11月10日,17℃,6℃,临沂,西北风 4级
阴,2019年11月13日,17℃,1℃,临沂,西北风 3级
多云,2019年11月12日,21℃,12℃,临沂,东南风 2级
晴,2019年11月14日,16℃,6℃,临沂,东南风 2级
晴,2019年11月15日,19℃,7℃,临沂,东北风 2级
晴,2019年11月16日,21℃,11℃,临沂,东北风 3级
阴,2019年11月17日,16℃,2℃,临沂,西北风 2级
多云,2019年11月18日,7℃,-2℃,临沂,西北风 2级
晴,2019年11月19日,10℃,1℃,临沂,东南风 1级
晴,2019年11月20日,13℃,7℃,临沂,东南风 2级
阴,2019年11月21日,13℃,7℃,临沂,东南风 3级
晴,2019年11月22日,17℃,12℃,临沂,东南风 3级
雾,2019年11月23日,16℃,11℃,临沂,东南风 2级
阴,2019年11月24日,13℃,1℃,临沂,东北风 4级
多云,2019年11月25日,4℃,-3℃,临沂,东北风 2级
多云,2019年11月26日,7℃,3℃,临沂,东北风 2级
多云,2019年11月27日,6℃,0℃,临沂,东北风 4级
晴,2019年11月28日,5℃,-2℃,临沂,东北风 3级
多云,2019年11月29日,7℃,3℃,临沂,东北风 3级
阴,2019年11月30日,5℃,1℃,临沂,东北风 3级
阴,,28℃,18℃,临沂,西南风 2级
阴,2019年12月1日,7℃,-2℃,临沂,西北风 2级
晴,2019年12月2日,6℃,-3℃,临沂,西北风 3级
晴,2019年12月3日,10℃,-2℃,临沂,西北风 2级
多云,2019年12月4日,12℃,-1℃,临沂,西北风 1级
多云,2019年12月5日,5℃,-4℃,临沂,东北风 4级
晴,2019年12月6日,4℃,-3℃,临沂,西南风 1级
多云,2019年12月7日,7℃,-1℃,临沂,东南风 2级
雾,2019年12月8日,10℃,1℃,临沂,西南风 2级
多云,2019年12月9日,13℃,1℃,临沂,东南风 2级
多云,2019年12月10日,15℃,-1℃,临沂,东北风 4级
晴,2019年12月11日,11℃,-4℃,临沂,西北风 1级
晴,2019年12月12日,8℃,1℃,临沂,东南风 2级
阴,2019年12月13日,9℃,1℃,临沂,西风 1级
阴,2019年12月14日,7℃,2℃,临沂,东北风 2级
阴,2019年12月15日,9℃,7℃,临沂,东南风 3级
雾,2019年12月16日,10℃,4℃,临沂,西北风 1级
多云,2019年12月17日,7℃,0℃,临沂,东北风 4级
多云,2019年12月18日,5℃,-2℃,临沂,东北风 2级
多云,2019年12月19日,6℃,-3℃,临沂,东北风 2级
阴,2019年12月20日,5℃,-1℃,临沂,西南风 2级
雾,2019年12月21日,7℃,4℃,临沂,东北风 1级
雾,2019年12月22日,8℃,0℃,临沂,西北风 2级
阴,2019年12月23日,5℃,-1℃,临沂,东北风 4级
多云,2019年12月24日,6℃,4℃,临沂,东南风 2级
雾,2019年12月25日,4℃,0℃,临沂,东北风 5级
阴,2019年12月26日,5℃,-5℃,临沂,西北风 3级
多云,2019年12月27日,6℃,-1℃,临沂,西南风 3级
多云,2019年12月28日,10℃,4℃,临沂,东南风 2级
多云,2019年12月29日,11℃,2℃,临沂,西南风 1级
局部多云,2019年12月30日,4℃,-9℃,临沂,东北偏北风 4级
晴,2019年12月31日,0℃,-8℃,临沂,东北风 2级
多云,2020年1月1日,5℃,-3℃,临沂,东北风 1级
局部多云,2020年1月2日,8℃,-1℃,临沂,西北偏北风 1级
阴天,2020年1月3日,9℃,-3℃,临沂,西北偏西风 1级
少云,2020年1月4日,11℃,1℃,临沂,东北偏北风 2级
雨,2020年1月5日,6℃,4℃,临沂,东风 3级
阴,2020年1月6日,28℃,18℃,临沂,西南风 2级
阴,2020年1月7日,28℃,18℃,临沂,西南风 2级
小雪,2020年1月8日,5℃,-1℃,临沂,
多云,2020年1月9日,3℃,-2℃,临沂,东北风 2级
阴,2020年1月10日,6℃,0℃,临沂,西北风 1级
阴,2020年1月11日,3℃,-4℃,临沂,西北风 2级
多云,2020年1月12日,3℃,-3℃,临沂,东北风 微风
雾,2020年1月13日,1℃,-4℃,临沂,东北风 2级
晴,2020年1月14日,2℃,-4℃,临沂,东北风 1级
阴,2020年1月15日,3℃,0℃,临沂,东北风 3级
阴,2020年1月16日,2℃,-4℃,临沂,东北风 2级
雾,2020年1月17日,2℃,-4℃,临沂,西北风 2级
多云,2020年1月18日,5℃,-2℃,临沂,西南风 2级
多云,2020年1月19日,8℃,-2℃,临沂,西北风 2级
多云,2020年1月20日,8℃,-1℃,临沂,东北风 3级
多云,2020年1月21日,7℃,1℃,临沂,东北风 3级
阴,2020年1月22日,8℃,2℃,临沂,东北风 2级
雾,2020年1月23日,8℃,2℃,临沂,东北风 3级
阴,2020年1月25日,6℃,1℃,临沂,东北风 2级
阴,2020年1月26日,2℃,1℃,临沂,东北风 2级
阴,2020年1月24日,7℃,1℃,临沂,东北风 3级
阴,2020年1月27日,7℃,0℃,临沂,东北风 3级
阴,2020年1月28日,8℃,-1℃,临沂,西北风 2级
多云,2020年1月29日,5℃,-3℃,临沂,东北风 2级
晴,2020年1月30日,7℃,-3℃,临沂,东北风 2级
晴,2020年1月31日,10℃,-2℃,临沂,西北风 3级
多云,2020年2月1日,10℃,0℃,临沂,东北风 2级
多云,2020年2月2日,11℃,-2℃,临沂,西北风 2级
晴,2020年2月3日,7℃,-3℃,临沂,东南风 3级
阴,2020年2月4日,9℃,-3℃,临沂,东北风 5级
阴,2020年2月5日,1℃,-2℃,临沂,东南风 4级
阴,2020年2月6日,0℃,-4℃,临沂,东北风 2级
阴,2020年2月7日,6℃,-1℃,临沂,西南风 3级
多云,2020年2月8日,9℃,0℃,临沂,东南风 1级
晴,2020年2月9日,13℃,1℃,临沂,西南风 2级
多云,2020年2月10日,16℃,1℃,临沂,西南风 2级
阴,2020年2月11日,11℃,3℃,临沂,东南风 2级
阴,2020年2月12日,16℃,3℃,临沂,西南风 2级
多云,2020年2月13日,17℃,10℃,临沂,东北风 3级
阴,2020年2月14日,10℃,1℃,临沂,东南风 3级
阴,2020年2月15日,0℃,-5℃,临沂,西北风 2级
多云,2020年2月16日,2℃,-5℃,临沂,西北风 3级
晴,2020年2月18日,11℃,-1℃,临沂,西南风 2级
晴,2020年2月17日,5℃,-4℃,临沂,西北风 2级
阴,2020年2月19日,11℃,0℃,临沂,东南风 2级
多云,2020年2月20日,13℃,4℃,临沂,东南风 2级
阴,2020年2月21日,11℃,2℃,临沂,西北风 2级
晴,2020年2月22日,12℃,0℃,临沂,西北风 2级
晴,2020年2月23日,15℃,3℃,临沂,西南风 3级
小雨,2020年2月24日,7℃,7℃,临沂,东北风 2级
小雨,2020年2月25日,7℃,7℃,临沂,东北风 2级
多云,2020年2月26日,10℃,0℃,临沂,东北风 4级
阴,2020年2月27日,7℃,2℃,临沂,东南风 2级
阴,2020年2月28日,5℃,1℃,临沂,西北风 1级
阴,2020年2月29日,6℃,4℃,临沂,东风 1级
阴,,28℃,18℃,临沂,西南风 2级
阴,,28℃,18℃,临沂,西南风 2级
阴,2020年3月1日,7℃,-1℃,临沂,东北风 2级
雾,2020年3月2日,8℃,-1℃,临沂,西南风 2级
阴,2020年3月3日,11℃,0℃,临沂,西北风 3级
晴,2020年3月4日,10℃,-2℃,临沂,东北风 3级
晴,2020年3月5日,10℃,0℃,临沂,东南风 2级
阴,2020年3月6日,11℃,5℃,临沂,东北风 2级
多云,2020年3月7日,17℃,4℃,临沂,东南风 3级
阴,2020年3月9日,9℃,4℃,临沂,东北风 4级
雾,2020年3月8日,10℃,6℃,临沂,东北风 3级
晴,2020年3月10日,13℃,2℃,临沂,西北风 3级
晴,2020年3月11日,16℃,4℃,临沂,西南风 2级
阴,2020年3月12日,19℃,5℃,临沂,西南风 1级
阴,2020年3月13日,9℃,1℃,临沂,西南风 1级
晴,2020年3月14日,15℃,3℃,临沂,西北风 3级
晴,2020年3月15日,20℃,4℃,临沂,东北风 4级
阴,2020年3月16日,14℃,6℃,临沂,西南风 2级
晴,2020年3月17日,20℃,7℃,临沂,东北风 2级
晴,2020年3月18日,24℃,8℃,临沂,西南风 3级
晴,2020年3月19日,18℃,6℃,临沂,西北风 2级
晴,2020年3月20日,23℃,12℃,临沂,西南风 3级
多云,2020年3月21日,30℃,9℃,临沂,东北风 4级
阴,2020年3月22日,19℃,7℃,临沂,东南风 2级
晴,2020年3月23日,22℃,7℃,临沂,西南风 2级
多云,2020年3月24日,21℃,9℃,临沂,东南风 3级
阴,2020年3月25日,11℃,8℃,临沂,东北风 3级
阴,2020年3月26日,15℃,7℃,临沂,东北风 6级
阴,2020年3月27日,12℃,4℃,临沂,东北风 2级
多云,2020年3月28日,14℃,5℃,临沂,东北风 3级
中雨,2020年3月29日,26℃,17℃,临沂,东南风 2级
阴,2020年3月30日,28℃,18℃,临沂,西南风 2级
阴,2020年3月31日,15℃,6℃,临沂,西南风 3级
阴,2020年4月1日,16℃,7℃,临沂,东北风 3级
阴,2020年4月2日,15℃,4℃,临沂,西北风 1级
晴,2020年4月3日,19℃,6℃,临沂,西南风 3级
晴,2020年4月4日,20℃,4℃,临沂,东北风 3级
多云,2020年4月5日,15℃,3℃,临沂,东南风 2级
阴,2020年4月6日,18℃,4℃,临沂,西南风 2级
阴,2020年4月7日,24℃,9℃,临沂,西南风 2级
多云,2020年4月8日,15℃,9℃,临沂,东北风 3级
阴,2020年4月9日,13℃,7℃,临沂,东北风 3级
中雨,2020年4月10日,6℃,4℃,临沂,东北风 2级
多云,2020年4月11日,15℃,6℃,临沂,西北风 2级
晴,2020年4月12日,19℃,5℃,临沂,东北风 2级
晴,2020年4月13日,22℃,9℃,临沂,西南风 2级
阴,2020年4月14日,21℃,11℃,临沂,西南风 2级
晴,2020年4月15日,23℃,13℃,临沂,东南风 3级
小雨,2020年4月16日,22℃,11℃,临沂,东北风 2级
多云,2020年4月17日,22℃,9℃,临沂,西北风 2级
阴,2020年4月18日,19℃,12℃,临沂,东南风 2级
阴,2020年4月19日,14℃,10℃,临沂,西南风 2级
多云,2020年4月20日,21℃,9℃,临沂,西北风 1级
阴,2020年4月21日,16℃,8℃,临沂,东南风 3级
晴,2020年4月22日,17℃,6℃,临沂,西北风 2级
晴,2020年4月23日,18℃,6℃,临沂,西北风 2级
晴,2020年4月24日,22℃,11℃,临沂,西南风 3级
晴,2020年4月25日,22℃,9℃,临沂,东北风 3级
晴,2020年4月26日,19℃,10℃,临沂,东南风 4级
多云,2020年4月27日,22℃,12℃,临沂,西南风 3级
晴,2020年4月28日,24℃,11℃,临沂,西南风 3级
晴,2020年4月30日,32℃,20℃,临沂,西南风 2级
晴,2020年4月29日,27℃,16℃,临沂,东南风 2级
阴,,28℃,18℃,临沂,西南风 2级
阴,2020年5月1日,30℃,19℃,临沂,南风 2级
阴,2020年5月2日,25℃,16℃,临沂,东南风 2级
多云,2020年5月3日,29℃,17℃,临沂,东风 3级
阴,2020年5月4日,20℃,12℃,临沂,东北风 3级
小雨,2020年5月5日,19℃,10℃,临沂,东北风 3级
晴,2020年5月6日,23℃,14℃,临沂,东风 3级
阴,2020年5月7日,24℃,15℃,临沂,东风 4级
暴雨,2020年5月8日,16℃,13℃,临沂,西北风 2级
阴,2020年5月9日,20℃,14℃,临沂,西风 1级
阴,2020年5月10日,27℃,14℃,临沂,西南风 3级
阴,2020年5月11日,21℃,15℃,临沂,西南风 3级
晴,2020年5月12日,24℃,13℃,临沂,东北风 2级
阴,2020年5月13日,28℃,18℃,临沂,东南风 3级
中雨,2020年5月14日,18℃,16℃,临沂,东南风 1级
多云,2020年5月15日,26℃,18℃,临沂,西南风 2级
阴,2020年5月16日,28℃,18℃,临沂,西南风 2级
中雨,2020年5月17日,26℃,17℃,临沂,东南风 2级
晴,2020年5月18日,22℃,14℃,临沂,西北风 1级
晴,2020年5月19日,27℃,14℃,临沂,东北风 2级
多云,2020年5月20日,28℃,16℃,临沂,东南风 2级
晴,2020年5月21日,29℃,19℃,临沂,东风 3级
阴,2020年5月22日,31℃,20℃,临沂,东南风 1级
中雨,2020年5月23日,32℃,16℃,临沂,东北风 3级
阴,2020年5月24日,25℃,20℃,临沂,东南风 1级
阴,2020年5月25日,28℃,18℃,临沂,西南风 2级
阴,2020年5月26日,28℃,18℃,临沂,西南风 2级
,,,,临沂,
